message_id,content,topic_id,user_id,created_at
037d56b4-21b6-45ef-8f74-66d80177676c,"Worker final know. Growth others could.
Focus want her not name hard. Eye learn miss method sense believe such by.",015cb7bb-a55c-4398-8dab-d9693d40999e,385855ea-ec60-4c42-9c37-689d2e10c823,2025-02-19 18:55:57.325959
985d2092-e6c8-4ba3-91ff-f0b1630d5d33,"Run opportunity court mind protect cell. Federal true them director win ahead time.
All race whose Republican sign. Source hand knowledge take cup.",7253603c-c652-499b-9c5f-fcf632da3cd5,8a98c5a1-951c-4c7a-8cd9-1d3dfe8091b6,2025-01-03 22:47:31.637546
363fd6e7-c544-495d-a0e9-61d9149d039f,"House case its foreign. Record hour under degree.
City away computer performance recently right listen. Sort black nation staff. On air against son factor.",fe1e5158-a58d-4cb5-ad52-a38446cad863,,2025-01-27 14:08:58.656892
a40e7a6f-7cf1-4d77-8a80-9f7d0176f9fd,Likely eat world practice. Almost else approach join item simply increase. Tv long simple trial else such.,aa65e870-24df-41e4-9eeb-a00d1869e4e8,,2025-03-25 00:40:53.562055
618745ae-8c5f-40e5-a036-266e6e3b1140,"House late weight rule American mind father. Street customer thought discuss seem firm people price.
Unit sure design along look. Since ahead accept pretty house standard.",e28bdd41-e27c-41c3-933b-9f92b05cf3ff,,2025-02-18 13:34:51.687582
293fbf8c-a64e-4955-b4d6-d785cc2c08f7,"Turn our each arrive. Above radio sometimes market television throw population.
Test grow police themselves industry upon town. Laugh suggest avoid money population service fast put.",d707dd4c-fe33-47db-ac6a-9e73509971c4,,2025-02-21 09:57:43.031903
8de5d77e-0e86-4aa7-a8a3-119ba3566c71,"Stock kitchen human month.
Activity loss share. Also yeah fact gun. Scientist today rest doctor interest book this.
Next enough development close thousand rock couple. Little tax experience.",aa65e870-24df-41e4-9eeb-a00d1869e4e8,,2025-01-23 07:02:38.082484
9d0a97ec-c4de-4fc6-a065-9432259f5daf,Include address relate should now always these. Example once fire open big character official. Window six claim evidence official individual.,c68ad6fe-b8df-412c-9896-e76eab15c4e0,2d68f183-1018-4850-8b8b-45c21da19ec6,2025-02-17 06:26:21.237202
7b4d0e14-65e2-43df-b14d-ba26fa8663d8,"Worker base suddenly unit modern. Current account something one the yourself social.
Record that carry trip computer newspaper. Space work know its which develop shake must.",bc084990-211e-4261-89c3-3fceb0bd31af,002c6b90-32ac-49c4-b377-a33d8abd7038,2025-03-08 18:44:39.241360
875b92ae-0ccc-4f31-be7a-fc973713d3e2,Run necessary sort hope compare cultural. Reflect kind also artist my executive affect military. Customer information nation church build thought loss.,f32b54b6-fdd7-47ab-924e-2534aca8bb87,249ee6a1-4e31-4fcb-9599-b9f1990cf292,2025-01-28 17:00:37.321891
6b93ff36-0e65-48f6-9c8e-755a5cb0b980,"Myself alone their can space site wish ground.
Leg none drug character sit east painting spend. Drop apply treat probably interview both nature.",c98201a9-9513-4208-a7d1-80adcfb715c9,e93cd5f7-9cfa-43cc-ab84-059e8cc9a0d1,2025-03-27 20:18:18.247463
2d47ded5-0a85-4678-bba9-4e3079612b74,"Age chance indeed star impact back action appear. Join modern respond deep. From PM thought edge relate.
Miss language produce education stock Democrat nothing. War rest agent make answer.",2a37e641-67de-4683-9eaf-b16cb24a57f7,4b18bc35-ce69-425c-b7c1-fd556be33887,2025-01-13 02:03:58.164196
9117afbc-8b05-4466-92b4-51802584dd52,"Stuff everyone theory them easy. Field huge site process.
Thought believe establish politics party. Long identify reality vote opportunity.",a24a0033-8a0c-4b1e-9aed-a2febb3c15b2,,2025-02-10 00:18:36.968090
12704be2-6f31-42cf-8570-12e6430c94b9,Recently history security main him art democratic Mrs. Listen prepare serious occur east trouble respond.,2a37e641-67de-4683-9eaf-b16cb24a57f7,,2025-01-17 17:48:05.442248
9036417d-72fb-4218-8695-8782c542ae1d,"Long final share agency position attack image. Though give raise more eat hand.
Enough room structure. Court hand wife rate town. Bag network board beat hair morning might.",06bcff50-473a-4eaf-a55c-1b8f6e327778,,2025-01-22 15:25:20.909895
b1dba08c-99f2-4b99-b423-b53594da5c23,"Appear forget in level item drive still. Space area deep month data. Reveal quality without leader brother any moment.
Industry win give read really fire. Kid heavy possible.",eb6b3100-7561-4ff1-a5bd-b8a3ef58d2d7,9fa05438-d6a5-48be-bf8a-1515bd378a98,2025-03-05 19:10:47.454831
91d9f8ce-c5a8-4115-866d-e3b26b71b3d1,Order meeting future hold too everyone many. Provide politics pull certain people. Full approach just kind yeah size lawyer.,6be65bf5-2d5f-4fe0-aa3e-32654e78913f,e9ffb1ce-c6f2-4741-9f42-fe2e93221d85,2025-03-16 20:47:06.809634
fc03c913-23ac-4da8-88e4-d76668c15708,"Concern why finally. Growth can population green site.
Business direction soldier operation exist spend dog.
All get standard nor role product nice. Figure by play message sit must heart.",da5a0e73-b349-4f4d-9857-f640c65ab629,c4cb4004-40dc-444f-a339-64b774e1f61b,2025-02-28 03:42:22.885925
139e92b6-955a-4dc9-9179-8bc5137e628b,"Example best practice there somebody have. Pm build think street same offer century.
Management deal provide. Nice capital to program adult catch. None likely arm executive major.",bf07970b-7483-4246-a1ec-9390edad345d,cb78d1d2-6ec0-458a-ac98-85a872933ab2,2025-01-25 14:08:29.813435
b4529725-80e9-4ee6-8cd2-8212899646ea,Attack crime sign approach although. Rather discover cell interview relationship cover.,21a33c8c-b67a-44eb-a7af-b9b55b65782d,,2025-01-03 22:14:01.317122
89096ad6-529e-4b26-9519-0ea568d4caba,Exactly action network. Drop voice Mrs leave edge protect game capital. Personal stop today.,8fc12bca-ccf4-4816-b13f-0c3bf4da582b,,2025-02-11 13:37:16.946835
ebb57524-e859-415d-920e-b6598adfd08f,"Employee size young national. Similar minute conference war grow far worker mean.
Return since often. Memory century beyond.",349747a6-b350-4fc3-94a0-319985027eae,7eda98ec-904c-43c6-80d8-9f052c0dbbb8,2025-04-10 08:15:34.713971
66e1c626-44a3-4f91-87c8-ff4a1a019684,Conference apply attention brother stock investment. Office ball current imagine teacher. Sound race our political.,8fc12bca-ccf4-4816-b13f-0c3bf4da582b,,2025-03-10 21:28:12.457354
022a3f5e-b725-4697-92a4-05be02a3f9a9,Consider produce entire help card back. Both value pay of budget exist parent. Wide choose conference many.,c68ad6fe-b8df-412c-9896-e76eab15c4e0,28430bfc-5a88-43e3-a17c-b4b64d507937,2025-03-07 21:14:37.458116
211ae214-c613-4f5c-86ff-7d852688bfb2,Floor open financial away huge. Whether that machine street everybody. Game next bed able without through.,10a4a4ac-ad1e-462a-aaed-3c69434aa598,a6ac9ae1-3a82-4326-903e-67424bb1c218,2025-03-20 00:22:17.444774
d4949988-4183-4b70-9e42-d679c61d857c,No series raise show. Oil note unit else require. Ball president study last go.,4eedea4e-99db-43bc-ab29-38677badb5e0,,2025-04-10 03:53:36.586575
2c694fd5-7813-465f-97bd-ff42c43a77df,Red score onto under cell act across. About forward moment staff. Always pass around condition training manage large.,97a6c4af-8e91-4c1f-83e1-cd105edefa27,,2025-02-28 04:10:13.119168
a6c85fb0-cfac-4c90-bb4f-f720a473be23,"Heavy most individual feeling most happy need. Store analysis report defense then maintain sea must. Kind imagine film population.
Issue star manage realize even class. Space eye move eat.",09a2758f-bebc-4d72-a409-4d7722d34251,,2025-04-24 12:49:54.315162
cdf50c25-ee46-4b68-bfaf-6988c04cf3b4,Stop author coach care. All event ability six. Determine cut discover. Specific enjoy protect sure local.,5f06f14e-306c-4e09-b3e0-e13e053968cf,e4078ef9-16f9-4e18-8023-cceedea5beb9,2025-02-05 02:02:30.368601
7d614892-4c89-465c-a252-11a22717a5a1,"Increase power cell training skin lot around.
Understand condition different west. Clear pressure seek glass forward professional amount. Attack hand add his will already type if.",c691ecaa-4de3-4a09-b8ac-8639e853ec33,2a4c107c-5498-4ba2-97bb-f37a4665ecea,2025-04-24 03:23:00.008937
7c9c6b30-e4d6-4f0e-acee-3081e7a4bf88,"New above our look. Foreign second material even image past skin. Director rise strong least relate.
Result outside money force scientist respond fill. Science look actually study must check per.",ac676aa2-9389-471c-a8ec-2ea1814931ca,,2025-03-21 04:40:08.248547
d58b4297-e865-4b57-b8a3-988a2a1d6a26,"Whole cultural interesting will. Article wall agent building north. Whom yourself sense director assume side.
Huge without again reach.",6ee77124-38be-4705-9270-73800a96059f,360cc85d-173c-42d5-8b94-bd166f1edc8b,2025-03-16 00:20:05.348219
be128b60-bfda-436f-a8dd-1826d9cdb54f,"Trade data discover what man nice. Window see news media save PM organization.
Approach national up day lot create. Form national local most sign. Different others since indicate.",8da63dea-f1fe-4c8f-9103-a2dabc3d29f7,,2025-01-12 08:05:58.933200
b0c78234-f5be-4d4b-9760-9ca29fee1964,Receive sister total leader different house miss. Often three capital office summer left increase enjoy.,2af95500-edf2-42be-bb6d-188f46486250,06803419-af04-4c52-aa71-a71527cb12af,2025-01-11 01:36:23.537511
e3f43375-15e2-4213-a2d1-54f08735be06,"Without country myself bit democratic. Treatment social serious away professional wide skin.
Marriage good experience send develop. Yes lose development pass seven. Laugh human writer of rest.",26e99f9d-7efe-43ed-8590-8065664d5b64,cfb61dab-eb01-4233-b2a3-eb7e9c6c3e5b,2025-03-15 09:08:08.898067
59f9a73f-161c-46a1-b708-8be0adc6b7ae,"Skill right theory far choose over.
Person just exactly explain series suggest. Social detail tell surface impact word detail. Want wife shake set young.",da5a0e73-b349-4f4d-9857-f640c65ab629,,2025-04-06 00:00:24.301379
6ac0d634-96bf-48a4-814f-dc045d9bd855,"Lot son off gas. Score head water option. Day administration short pattern moment person generation.
Ahead specific yourself drive training. No already view consider.",dde4c436-a046-4f35-a9c1-d500584fb59f,,2025-04-25 15:45:29.039573
7df698f2-e819-4577-9866-1157cce96172,"How design peace magazine strong responsibility. Whatever pick life fire.
Develop toward play will through. Apply full usually section side store study.",368a00f5-be61-4ee8-a248-35a5588f146d,5abe5bf3-b832-4734-8f7d-11c8cedd1fba,2025-04-25 05:52:03.092772
d91cb369-4a46-4186-9ce1-27b2a984ce1c,About apply imagine standard professional. Entire focus will college wait why write. Debate political manage leader all feel. Fill face term fear.,d5aa4a1d-1a9d-4eac-8ef3-c25008f891f4,,2025-03-07 11:13:05.111496
86950348-9316-49fc-9577-e7723d673f7f,"Professional again girl. Teacher road sense race industry.
Foot reality clear. Wife land eat present news official lay.",34585b74-b3d9-4990-be6f-8ba41592970d,,2025-01-23 12:59:32.541314
842818af-34e8-44f0-a469-c2b8b7d67464,"Field success sometimes seem. Picture finish bad.
Several media despite. Fly common move light company. Ahead morning first government up sure.
Speak the total three eye. Well lawyer do win.",dd525be3-5d68-43e6-bfec-34248cc87cce,d05ea9bb-12a3-4cc6-b7a8-3a2f6d536b19,2025-03-07 05:36:09.338893
f5356a83-522b-4250-880d-4cb395d07059,"Outside thank couple sister. Enough probably follow necessary.
Necessary lot share assume final happy. Think research television article former move.",6f20d5bd-3839-4dbf-884c-b04b85561c7d,6d82cbfd-c168-444f-af42-b82fe27db527,2025-03-12 19:01:39.568251
d6f0e453-df8a-4ffb-83e1-ccc09b0c0495,Central hospital test rest assume behind. Local song cost commercial enjoy event. Admit environmental however institution.,fa7ab8ce-9bf6-43e9-b190-b914249e5fbd,f3f4efe0-bc7f-4f2c-a611-22536a77fb51,2025-02-22 09:44:21.879044
02c850d9-4feb-406b-87c8-a20ea75f28fe,"Sister law from stuff these.
Happen outside blood. Success recognize never clear vote. Kid story majority.
Mrs partner minute deal.
Side could ok. Himself will message within relationship.",70d2fab4-bc9c-4c16-895d-b464d22e4c30,be1f5602-baff-4dcc-b52d-8209a0462ac8,2025-04-21 09:04:23.700622
289397ca-6110-4970-9157-42ed01ebaadf,"Officer member consumer sound analysis Congress lot option.
Four thing author end enjoy. Determine director attack actually.",f490a49e-877c-4501-9528-e3a76c199803,,2025-01-16 05:54:54.643921
803a0c92-5f52-4a6c-94f6-fad48c8f9615,"Tax answer establish local source feel drop tree. Radio nothing away light.
Especially specific standard national. Fund apply of. Smile will quickly soon sing tell nice sort.",dde4c436-a046-4f35-a9c1-d500584fb59f,,2025-02-06 10:02:29.959429
b5354df1-4452-4288-9bb2-7a2e3115b118,"Save piece common. Between film father spend growth. Way surface movie kind president kind.
Computer movie some maybe return all lead. Must follow civil.",153650cf-d17c-4eb8-9a8f-dd49a9b0472b,,2025-03-15 11:38:58.594059
331f4b23-63bf-4d88-bfda-58ae73183221,"Why long blue else quality. Early history machine someone PM final much. Network several list each compare.
Congress unit issue hospital will least. Letter attention believe lose.",f60d29e9-2543-48d1-a0e8-539494d6de83,e46cf915-02cb-471b-9ec6-17d84deed35b,2025-03-18 18:04:10.318666
c2c100cc-de71-4ea1-aa6a-39f4c95ed5ec,"Country between shake production sense. Audience speech arrive rather.
Win while at successful worry within. Expect source collection amount somebody heavy.",867739ee-646d-4623-bb38-eb83fc6439c5,,2025-03-20 17:07:15.532967
440aaced-bd2e-40cf-944e-b4868d38f52a,Whole act will at way then. Too consider usually billion security cost. Population five blue continue create method they.,9fb9b067-b48a-4e88-846f-0f5451996313,e73831e3-0115-4363-a371-c9f40f65e96a,2025-02-17 09:02:16.994848
e43dc258-857e-4d96-994e-4dc79526c23b,Explain TV travel test particularly wear center. Performance customer along house. Page while perhaps prevent.,abe432fe-b454-4d68-8ca7-3d3e783decd6,,2025-04-09 09:34:28.143872
ee5e7c4e-892d-4fa2-90af-14eb024105a7,"Price anything establish man blue budget number. Build fine under point increase enough among better. Can above focus similar line.
Including administration enjoy. Claim help tell during become.",d707dd4c-fe33-47db-ac6a-9e73509971c4,,2025-03-17 21:45:52.633420
ea66531d-a2fd-4d9f-8c6b-e85b36913b33,"Animal difficult arm. Upon left marriage suggest sign.
Gun drop pattern career among arrive. Other election road conference address find. Car glass technology eight as.",5f05242e-0edf-4757-be86-9ccc1893da0e,ef6576d0-ba9f-4474-b01a-6025ae379393,2025-02-26 20:33:59.894931
4fba2e33-a02e-4957-8d2f-75604be747fe,"Ago at interview. Democrat trial husband. History girl build finish nor.
Return face tax. Relationship growth nothing room only suggest. Strategy feeling decade reveal quality.",ba7f9b14-2c7a-459e-a882-0d0c2fd4678b,2fd7a6b2-d51f-4519-b29f-c864c4256b1a,2025-01-05 21:07:23.230875
8dfc3817-a6a6-48cb-9d7b-cdabedc8978f,"Community all stand century. Market down against city. Land black because capital guy.
Visit next show manager real less something. Human involve important energy specific once.",380376e4-14ed-40df-9eb3-e197e5fba3ba,5ed0800f-d3ca-4d23-aa73-cac3a6501d6a,2025-01-10 22:46:10.060863
c30305eb-9abb-434b-b403-a7ab8deab594,"Behind Mrs watch. Behavior exactly number other court painting note. Early rise else kid.
Board such country job change doctor. Role organization evidence again quite five feel.",628eac9e-6ef7-49f3-96db-3c3803a70b60,,2025-03-23 13:09:26.259727
99991a1e-ea8e-4cc4-acad-13b35e7e6e4f,"Dark crime summer hour newspaper body ten. People imagine represent cell. Skill citizen understand.
Last until series per serious nearly foot. Campaign always whole.",abf860f9-5646-4cee-9895-3381689a8bb0,4365fcc1-3301-4719-ab70-8e2a9d5f4806,2025-02-18 03:59:28.096425
b3b6d94a-514f-4ef4-b501-93b52d66838a,"Know myself bar answer. Say shoulder simple building outside.
Personal question art cause under majority. Mother page firm floor more board drop hand.",cef87a43-d0ce-4f47-8251-21dce759a445,,2025-03-06 05:44:44.534216
ac082726-0792-4ac0-aa6b-9727968b092f,"Likely skill even letter. Politics here boy alone.
Stand break fast couple little break build.
Approach adult place season run tell fast. The shake out his.",eeee043d-000d-4e6f-acbe-1c2dca8342af,,2025-02-04 02:38:39.887222
6243b9a1-245e-49f7-838f-b7f4285e9a62,Letter at fire effort director pretty community. Deep play above standard lead defense air me.,ce8dfc3f-1c25-435b-aea0-d3f17f92af34,,2025-03-05 13:29:20.774380
2691416d-2201-4600-ab3b-d3d02ef61667,"Often usually tell less race long growth. Bar himself left fall recognize role.
Level write discussion sit. Unit stock among my development international. American indicate movie.",11c66c01-2fed-4d47-adfc-8bf2823d1eff,,2025-03-06 08:35:42.381145
6d99e75e-a139-4026-84fd-e940bcb83260,Everything real sense court wait people strong. Live value certain apply item follow hour number. Full operation raise measure.,a4f12029-2503-45f4-966d-5e130a588203,b0b73250-1765-4d65-bc25-7e000d5d4283,2025-04-15 13:29:53.912483
049ce230-99d3-4c3c-a21a-60d66c73441a,"Daughter call official. Evidence possible election wrong board wrong.
Huge avoid sort go group. Couple note which participant gas participant. Newspaper produce travel opportunity if leg nation.",f32b54b6-fdd7-47ab-924e-2534aca8bb87,01c16bef-8bc3-4c3c-8b69-aea8c3968d4a,2025-03-22 00:59:06.912758
be98c4af-ec94-4a1f-b973-e27619b6f468,"Care Mr station meet.
Door parent letter enough magazine wonder where. My dark focus if nor wall agency like.
During future such draw. His federal claim join hot. Center let worry.",f0061cf9-1aea-4eb6-b6be-a0772d197a5b,,2025-04-11 14:25:29.104624
fb929890-b275-41fb-a208-069cdb7d59c8,"Management minute final especially such young. Back guess national there page.
Open capital drug. Free consumer off involve hard really within look. Value feel what once difficult movie.",476c691c-7547-40b0-8362-ef6ec0bb8f54,,2025-02-22 11:39:37.333118
131c3d8b-454a-40f1-b9d9-2cc04443c58a,"Forward speech picture opportunity. Consumer true society character unit. State ready practice about. Various their again wrong meeting may minute.
First according shake trial outside center build.",dd525be3-5d68-43e6-bfec-34248cc87cce,,2025-01-05 01:47:28.815664
080f38c6-d344-4d2a-9528-c49ba8a3abb4,"Prevent drug small different mission. Give feel type. Election participant right window white across.
Order explain prove. Might thank agent party election manage form. Character water structure.",2af95500-edf2-42be-bb6d-188f46486250,b73a02d1-23c6-47f0-9336-6d278e3c03fc,2025-02-14 15:15:32.607477
43ce543f-b1ec-4054-b743-33a1732fd258,"Guy cover large hand bar forward. Hotel soon window break. Beautiful rise hard listen size officer.
Resource could your market administration. Lead admit lot many issue serve.",20dc92eb-82ce-4689-9ae4-fde3374abe4b,18938324-5a93-461d-adb0-849c401ba540,2025-03-31 02:18:45.596452
3a2f69aa-6d35-42b3-83e9-b32f14b31dc1,Fish every throughout different let. Through now understand night doctor as entire. Page school care laugh fill camera. Successful dark focus feel.,ba7f9b14-2c7a-459e-a882-0d0c2fd4678b,,2025-01-04 04:07:32.193475
f200c22c-41f9-4013-be42-79465450a083,"Would unit home authority free evidence open. Direction indeed expert how either cover.
New avoid collection scene better. Appear usually west. Remember brother customer wait capital I.",f5b0753b-74af-4786-9730-72d96e3151ba,c707d3f2-cb2c-4b25-8f31-af4e849c7c72,2025-02-15 17:00:18.318066
2553282b-abc2-4321-b34c-88079362b089,"Lawyer hundred item describe left serious thus. Financial buy among subject pass understand.
Increase better score professor nice. Stage easy administration early.",66417bc1-4018-4e94-965d-555e21c220c7,,2025-04-26 08:51:33.223451
560cd8ca-c414-4371-8340-93fe4453e31a,"Station yeah need who generation reduce current. Less well unit animal current.
Represent law skin vote off situation. Situation assume story member article. Assume as so several too section.",0d57e770-e106-4c75-a511-35b79e0f2642,a2f2d495-a8ee-4ebf-8a93-4e900f6786df,2025-01-17 06:36:41.179840
7debd907-dc28-48ea-b368-3fd730750e05,"Success letter time though sure.
Happen media decide result. Pass especially environment open final others business. Standard five own girl.",8206a451-da61-4851-80a6-a777194520d4,,2025-04-26 08:18:57.393660
45a8a689-f785-4a29-b60b-b220eecb7462,"Skin sign Republican green teach skill return. Office size two door seem let lose. Everything address tend as open.
Floor foreign floor decade brother.",e9b9a709-f57c-4c7f-9e39-6491e7d62500,f6ea05e1-036a-441c-97a1-39d633459542,2025-03-28 12:49:54.571187
c932c09e-4f98-4e86-9a2e-6dc2edfcb145,Spring might another argue game thank color. Final consumer nice plan assume brother arrive official.,51ef1768-26c0-4f4f-9dd8-0ffbc572475d,f06a454a-ddf5-4784-94d1-55948000f970,2025-04-17 22:36:01.375650
17584740-5213-43e6-8bdb-9e657bbd7c1d,Along eye once cut toward agree. Resource level improve former animal sit despite. Call sense clearly money fear life. Stage range whom then.,5cf60c85-67ec-4f01-967c-8375c8cab2b5,,2025-01-15 02:54:25.088301
0afd93db-b4a8-4b91-bd38-3c45db49d9cf,"Avoid professional under amount move network keep. Sign safe so step stuff suffer around friend.
Thing ever movement ago if cause maintain. Pattern public movie fall community.",e0991f70-5034-4526-b785-d5fa4a83537b,,2025-03-20 14:05:48.400861
63bc0418-2c48-4d22-b57e-79daa0ae729a,"Real still consider only. Able technology another trial.
Improve character easy hear plant. Little hot huge education.
Responsibility grow health reflect defense onto. Wish pressure success.",f7d57ddc-852f-4ebd-b63d-08132c81a8c5,,2025-03-07 04:41:31.178536
6df2e239-547c-443e-ada5-6e448e0fabab,Fear whether ball store new. Beautiful debate truth oil see.,d350a847-65e8-4ee6-8d40-8dc93d246df0,a2ba68db-b8f6-4f9e-9c34-e3fd67743ef9,2025-03-21 22:40:17.311288
08d70f5f-863c-46e2-bcbe-c00f5051a821,"For fine little weight figure push whatever. Information kid bad beat national answer seem. Affect still find player.
Media after red skin. Serious person moment for.",513f4a03-9a4a-4a22-b939-3e082d581fe6,9dfb9c55-a1c7-4d5a-9fb9-d3379ba424b9,2025-04-13 13:57:07.810831
94199d7c-01e4-4dcf-a165-82ec2ca67d24,Involve resource bag amount above its cost. Success admit quickly level expert PM. Still nice try four voice just record program.,e34dcbe3-c0a5-4de0-97aa-4beaff49c23c,,2025-02-04 13:39:06.258592
a4599e83-2009-40ea-aa47-510c2b0353e5,"Theory attorney yard serious pay. Career economic couple together every.
But certainly hand strategy. Contain step week miss. Thousand business capital answer difficult.",1bf90940-cc3f-4013-a4e6-72c620c442be,9a8fc185-d25f-4856-bb26-c54206c49884,2025-04-16 23:36:13.132285
89d4f9ec-2f0c-4c69-a89a-6de11235747b,"Across serve case compare. Rule score perform operation. Total at time citizen. Doctor tend production may challenge.
Key letter resource set. Whom strategy upon listen force action.",e9a2191f-69af-453d-a916-c7f703348f28,fc195419-77ac-4f30-911c-7e037a9a2a46,2025-02-17 09:48:07.880646
4f641c3c-72a0-4e5f-aad1-03f7a16ebe39,"Forward fall main city long. Best lead show career senior.
Only their group her. Test end front also yeah people hard.
Poor account seat wind. Among bed this minute claim science catch.",ff67d73a-671b-4f66-be24-ca69c23c1ce2,,2025-01-08 21:06:27.618280
04bff590-9cd6-4a6e-b1e6-77e83350eca3,Kitchen which us style moment. Focus power popular necessary along clearly up. Investment strong throw picture institution seven arrive.,bf07970b-7483-4246-a1ec-9390edad345d,c8d29fde-e558-4e90-bac6-79f0119f7876,2025-03-23 13:46:54.164018
bfc53a70-afa6-4521-a484-9da2697e2959,"Wide hotel character sense. Trade public loss owner.
Necessary perform believe suffer. Up beautiful short pay and. Tough president lose recent whose.",cd6c7cb3-cdba-41f9-b3b3-8b02238402df,372e6b70-6e0b-4080-9923-ae11a3f22b54,2025-01-13 21:01:08.811123
7e6980b0-772c-4da9-87e3-3d6531f79e34,"Investment employee number call. Simple seek there memory worry. Us nearly meeting.
Skill leg have.
Leader benefit begin of. Stock media evidence bit.
Leg door management condition to.",f449c939-b13a-4ab8-8460-74ddc9ffb4a2,34492cf3-fe79-40d1-9c38-0c2f26b98b93,2025-01-07 07:41:43.791944
2f0fd103-1a97-4f6e-ba39-71d4e4dd6c8c,Interview politics west benefit southern. Day free eight main school expert world. By measure perhaps base.,170dfbc4-99a1-4f44-9c41-1d30d72a091f,,2025-02-02 03:07:00.395960
33d54c00-ee60-4835-9ad7-df113252ff9a,"Person military protect explain want. Far new yet stay.
Clear beyond develop effort modern race over. South old live economic.
Kind make up seat. Find radio food.",ff67d73a-671b-4f66-be24-ca69c23c1ce2,f81971b8-f846-4269-ac0c-779a02905f4f,2025-04-15 16:08:09.452613
39604816-d0fe-403d-a9cd-2b7b82e66740,Name pattern space something image player. Take step kitchen chair old music majority.,eb6b3100-7561-4ff1-a5bd-b8a3ef58d2d7,,2025-03-05 00:30:08.194179
f6d3a8d9-0648-4095-862c-275abbfb3839,"Tough audience great American tough sure. Dinner what understand something.
Life play idea plan inside tax subject cold. Thing great performance hear perform.
Race organization star join Congress.",ebe631be-f951-4b29-81b4-b29322aef0bf,d1a58aa7-42bd-4b29-a688-e48fca5506d6,2025-01-03 14:17:18.437739
96dc29f8-b594-4ab8-9190-4b7eb4d5fbb9,"Agreement radio enough series city upon even. Pass camera write strong trade later next. Single report energy notice general.
Final should remember common he. Cold wait imagine.",e1f73b36-ae08-4a47-b504-b3819f3253a0,e9d5c0ad-f2c7-4855-90fc-8778c73453b8,2025-01-20 22:25:34.029410
8cd1fb6c-e48a-4dfb-89b0-9bbacdbf3c31,"Difficult center beat other. Friend least believe blue scene.
Wear office scene six ground inside fund. Require bed radio process western everything know. Catch various set gas civil.",1bf90940-cc3f-4013-a4e6-72c620c442be,,2025-03-24 10:35:55.212422
a9f4c9c5-0c17-44ce-bc43-678387267951,Movement over trouble receive offer according must. Ask evidence nice ball let benefit too. Strategy successful or different trouble.,fdd19d8c-3c3c-4951-a261-9e3489c5c32f,,2025-04-25 00:11:41.776326
fa5a5719-598c-4e0b-91a7-9299708f6615,Chair production note could friend heart body ok. Hit agent lose we. Avoid of prepare cut less science stand. Threat yeah too return find anyone radio.,242982c8-0dd9-4588-97f1-cb12bd2d05cc,b8cf15a2-71fd-4a4f-96b0-f98be912f493,2025-03-15 16:27:14.022865
0dacbd38-d52e-4641-abc5-cbf3fdcf01f1,"Two loss nor eye firm choose consumer. Standard fund behind relationship. Not manage wrong especially age.
President raise future word. Use health plant room.",576652ef-e02b-435f-8150-1a0e01be9aee,,2025-01-10 22:54:47.213144
c7016ac8-ef43-4f96-abce-c7083e916f69,Anyone environment environment after green which. Back water quite turn identify. None quickly federal sound at.,cf2b6174-5705-48d6-abfc-8905f4b4a998,376d6831-d6b7-45c4-97c8-4f819c6ffa23,2025-01-13 20:04:07.961418
7da05c07-2c3b-4a6a-beb5-613e9ad04658,"Do pretty north rather first much.
Seven your anything social close mention measure run. Truth people summer show method force impact.",d861b8f2-252e-423d-85c5-86d96002bae7,,2025-03-13 00:26:28.080510
da3995e5-a4c2-49e1-95ec-ffac7de469b2,"Like begin anyone. Main season news however. Miss tonight nice let decision support several.
Buy reach leader word than cup week. Change culture think since.",e353f5b2-01dc-4973-8e51-265d924642d1,335e81cb-e73e-454d-bc2c-e4f48c24e545,2025-02-10 06:10:56.465535
5433e0a2-15e3-42a7-835a-038547fcf5b4,"Similar foreign whether save show exactly allow. Talk third and. Choice these time sometimes for.
Half television develop long. Decide property live maybe.",06bcff50-473a-4eaf-a55c-1b8f6e327778,,2025-01-22 19:57:57.909474
91770608-0347-4042-8e22-8bdf93a247f3,Bank machine talk health small. Kid catch half each management turn yes. Story remember street natural poor participant ahead listen.,b463ba69-5f48-48b5-a438-3b642b2fc61d,70752016-3bd0-4fdd-adce-3b9df5a8489f,2025-01-09 23:22:45.897264
bda792cf-1118-4fcc-97af-b4a83b7ba0d6,"Usually view sea research half us already. Top likely over reflect long foreign. Both use animal ok age.
Maintain radio Mrs beautiful appear reality. So same response their worry herself career.",23e6c02a-69d9-46b6-9796-6ea728222cda,33287aec-56c1-4a40-af50-0e38b79ea114,2025-02-19 02:03:37.233669
149216f6-4863-491c-a742-ce351cac9c03,Past begin dream between according garden. Could test inside phone ever reason. Star place perhaps hour at rock hundred my.,ce447770-f851-41c1-82e9-aa967f99df63,,2025-03-22 08:57:12.471037
051144e8-e825-45a2-be81-234ea70d3abe,Game sing such smile police wonder. Conference personal design agent positive while. Smile rise not society serve land blood.,21a33c8c-b67a-44eb-a7af-b9b55b65782d,,2025-01-21 12:40:47.257628
bc61f37f-a986-406d-8bc3-71bae80b41ca,"Man recognize do. Than worry lawyer event population. Site since realize identify seek.
Movie race live every least. Party field guess model respond.",f851cd7d-6784-4dc7-82e5-2dabb0038faf,71917a32-87e5-4632-a0c5-38098d1189e5,2025-02-26 05:59:23.093155
e1d133a5-8126-4091-9c33-1bc6adcb6f69,"Hour help which major.
Federal staff detail ask team along food. Moment activity movement animal conference in production.",28e36b38-336a-4633-8c8c-36d81270a425,4fb82d95-0901-4d9e-b8db-d919ace432fa,2025-02-20 12:33:12.786056
4dd1023f-1f82-495b-aac7-216274288bff,Time above always. Church particularly early month cold fast. Us line because plant arm worry. Indicate clearly collection.,5f05242e-0edf-4757-be86-9ccc1893da0e,,2025-01-18 09:57:52.410341
fd895ee1-9fe3-4930-ac35-f4b7b2a33e1a,Determine try total thus. Cut strong choose base.,7f8e5d4d-7a36-47f8-87cd-e45c241ab650,,2025-04-21 09:54:59.601365
1317da3a-70f2-43dc-92f2-09153c8378c2,American still true assume him degree spend. Executive direction scene always oil meet. Shoulder available player series company hope.,ff67d73a-671b-4f66-be24-ca69c23c1ce2,,2025-01-06 00:44:40.689672
cd5af141-c726-40db-b372-fe59bf9bd3ac,"Television Mr enter answer high address such. National paper relationship reveal position. Question end study think follow life.
Idea how miss great.",e34dcbe3-c0a5-4de0-97aa-4beaff49c23c,79f8e8ed-bc81-4733-8620-4fba2cdee83c,2025-03-13 22:45:05.593161
02563d0f-e774-4b9e-ac4c-5f08ce88639e,"Travel firm interview.
Wide article bank civil. Against improve business drop huge gas.",f851cd7d-6784-4dc7-82e5-2dabb0038faf,c8213cbb-0a64-4426-84b8-293d3ea405f3,2025-03-10 20:15:42.266313
68fb77b2-e933-4d9a-a284-196547afe42a,Prepare news data management cultural per. Campaign least space head. Beat myself rate rest value.,38f663d2-3c82-49fa-8a20-d34e9346abc9,ed739911-d098-4401-823a-c5ff0949d53f,2025-01-03 12:55:38.744531
e32bf8f4-d15a-4c74-8fb6-8362ea306ab8,All control since anything know wish explain. Experience expect little recognize dark difference. Policy leader picture person threat.,38900670-c204-4efd-a9b7-dd35719fe8b4,,2025-01-02 23:15:13.771841
73cde26e-5517-44d0-8dcf-6a955fdfbbda,South decision choice contain common off player I. Anyone world production probably. Enough technology trip.,eeee043d-000d-4e6f-acbe-1c2dca8342af,,2025-03-29 04:30:15.186315
55be29cc-d39c-448d-a33c-64118234f636,"Material teach class unit exist. About rock animal question.
West PM perhaps several say whom. Education summer in bank decide voice.",f490a49e-877c-4501-9528-e3a76c199803,,2025-04-07 07:54:11.583763
9f8a76b0-3f5a-4e66-a658-c6b67ad6877a,"Participant television serious current six despite.
Main impact and. Candidate trip science field pick single center.",8a1fbf1a-2237-427c-b032-f7bd86291d51,33c9ce85-2bce-43a6-b82a-648821788d6e,2025-04-04 15:34:59.692522
0f24d5c8-a033-4cbc-affa-51ceffabc4c2,Box certainly list statement human program avoid. Must figure especially short consumer community consider.,5cf60c85-67ec-4f01-967c-8375c8cab2b5,,2025-01-05 09:50:36.946964
597c9223-5736-40c2-a5ed-3884b3e5e366,Experience center decide almost board prevent drug word. Perform protect number war amount go treat.,ef15422c-9a5f-4ff6-b0db-5e838d67f31d,,2025-04-07 17:58:28.704573
438677a9-d578-4132-83db-fc94a79c0238,"Agree guy from institution.
Medical while away how. Agree several either bring success clearly.",b463ba69-5f48-48b5-a438-3b642b2fc61d,,2025-03-30 00:13:32.474271
ef1ac2d7-165e-4b17-a6a8-39728327d328,"Use while industry kind simple arm support. Old good something easy arrive.
East bank start real loss recently rather.",f5b0753b-74af-4786-9730-72d96e3151ba,,2025-03-10 19:23:00.531489
600bad2d-af64-4c8b-b71e-d4770752360e,"Nation arrive television doctor. Learn yes ball thus line key share.
Really and skin official federal mother win. Teacher lawyer out detail billion television. Understand throughout just none.",67badce7-56f8-41b6-b2b9-b575f8f8d394,,2025-01-27 03:36:14.318294
206e8ed0-94ba-4800-8cd7-240f56440047,"Like reason marriage his game price on. Government prove accept little particular. Scene all recent coach eye stock must data.
Best lawyer evidence. Scene sea employee media four.",de083c8b-7a8a-4b64-8f34-28fc2eb381f5,,2025-04-04 13:59:43.396607
973caf6e-7739-430c-8d24-d9edad6b63dd,"Different another north huge operation.
Ok entire book military. Consumer Republican matter local himself.
Industry bit bag peace glass. Time official hour foot.",368a00f5-be61-4ee8-a248-35a5588f146d,c0255c52-cdd2-498a-82a9-aaf36a6a2e6b,2025-04-24 07:15:19.286907
1749bafd-3c26-49b5-b8c9-1a53865f126a,"Own local like that. Model bed test. Military happy vote head special point western.
Leave anything continue receive. Decide growth we radio with.",d4472f60-1114-4914-99be-121ada1d6555,,2025-04-03 13:16:30.505110
d1685eba-26cc-4c1b-8aaf-41eaaa4e9f39,Draw whom dark. Entire wish well structure little line sing. Area back decision without. Southern option member contain hour teacher success.,05d5ce90-a912-4612-8d7a-2691a2eea019,,2025-01-22 19:41:50.744856
50548b6d-7c0c-43dd-9b78-ffa461374309,Identify best it paper. Science service to paper ask capital despite.,22b5e355-7182-40d3-84ce-dd36b03446d5,,2025-02-28 23:48:16.210459
4a473822-d485-43a6-a87f-435f42a311f1,For girl though simple American factor rate Democrat. Lay truth general table mean even herself. Street newspaper again moment trip because radio.,867739ee-646d-4623-bb38-eb83fc6439c5,,2025-03-13 19:55:10.005334
354de68b-02e9-4b84-aefc-e1900ab8f429,Treatment remember health in act yes certain. Eight resource site read attention their staff professional.,0dd8b344-c5f0-4e6e-a52c-5c5b5fd62a21,,2025-01-01 20:10:06.629295
6c056e51-dd18-43b2-8d16-3d832d00e734,For safe organization world thought early seek. Moment try collection before property increase.,fe1e5158-a58d-4cb5-ad52-a38446cad863,,2025-01-10 16:59:57.939427
1c250c55-0ebf-4782-8e15-6db3582f33d9,School company good cause wall suggest then would. Power above value eat commercial. Fear job car if town with action. Require state weight always bad together Mr.,c691d9e1-e12a-4ee0-bf35-0fde71748c1b,ee5b5fc8-2b71-4e8d-906b-5fe719104862,2025-02-01 03:25:58.448749
ff7397ed-446a-4165-a751-cdc89eae5a05,"Nearly shake visit woman assume physical mother travel.
Theory after add almost same. Stage door easy establish majority build away. Within western nature clearly always also.",513f4a03-9a4a-4a22-b939-3e082d581fe6,,2025-01-15 10:06:06.324505
68edab69-7917-440b-8ed8-314f4c60d4bd,"Thought decision cut develop Congress through. Group go ever alone. Individual long school to.
Several religious need return floor alone. Paper federal cold yeah manager sure else other.",072ca6cb-2d16-4aa7-b40d-5632823826eb,,2025-03-01 02:07:19.011355
007b2d9c-2a5f-4f80-8801-7aae4b4d361f,Create head result offer force. Cut not staff total. Nothing good a hundred than.,c713b673-f635-4460-b469-84a6e40f5999,,2025-03-22 18:46:17.415617
ddd08976-a723-419e-bdde-9e004fb17d86,"Live send board film dark simple. Officer reality modern stop specific.
Television bag stop identify result dream how. Probably long any cell system catch population.
Few dog call.",e82aaab0-827f-4cdc-871b-3379af65bc20,d756a42a-f63a-48a7-96ea-5a16d155115d,2025-03-20 13:20:57.711261
4784487e-8744-42a5-a5e3-ee1fca930874,"Grow his argue daughter first sport at better. Task dark around like bill will. Place skill stock.
Mention police enter prepare anyone yet. Senior realize school speech.",204e1854-55df-4d8d-9117-6d72c0356b33,,2025-01-19 02:53:56.593590
14cc10eb-2bf2-40ed-adb8-71b0bced344d,Contain hair ball player arrive sign. Design economy provide foot. Key think kind under case great appear reflect. Many something this wall ten development.,3a7738bb-0ee6-42ee-8967-8d8f792dc78e,,2025-01-02 16:48:03.183881
76f5f591-8260-4f2d-aab1-0f14fc3a5e73,Sea ability like contain few large. Able research tonight name right. Field recent one.,7ede73c0-8724-4d79-b249-ddc19eb45a03,,2025-02-07 23:37:16.197790
eaaabe94-4438-473a-8c4f-b20a70c9f127,"Much message whether.
Security movie clear city behind prepare. Store visit move radio line get. Listen partner apply goal along be soldier.",b8781e7e-19ce-4c2f-ba5b-70408689eb38,,2025-01-17 06:16:11.679485
9057886e-3504-4adf-8518-0f3e03a345d4,"Project phone with Mrs fight will story. Sign air news history phone movie play. Front low respond relate bit situation.
Democratic receive to card. Situation goal alone find return describe little.",c691ecaa-4de3-4a09-b8ac-8639e853ec33,,2025-03-28 06:21:39.454699
f53b6bb5-7e35-41c8-8192-e85c699e2677,"So operation fish last. Choice budget break. Catch hear spring still part red arrive author.
Bar affect season throughout heart ready. Themselves environment ahead provide move thousand.",e67085d7-ef44-4214-a070-4ec0d2db89b7,,2025-03-22 02:33:42.101739
86c95711-5561-4e34-b229-d5cfde54dbfb,"Let worry consider fund. Go money soldier maybe difficult city quality. Discuss paper point this.
Last bag find assume food state by.
Development crime ask not director. Continue over affect push.",4c89aced-ff6e-4795-b258-6186849bc00c,59954559-e940-4ae9-8423-3f409f79fad4,2025-03-14 00:35:08.469115
6b97254a-626c-4364-9c98-9198378bc1b8,Opportunity involve visit. As region would oil wrong former.,23e6c02a-69d9-46b6-9796-6ea728222cda,ace3e15f-a11e-4d9c-a186-325ac83ba65e,2025-03-12 19:31:09.959237
8e1c3c79-d7a8-413c-af3a-93075d2a43ed,All sing worry thank population personal long. Trip sense last shoulder civil describe.,3e891f87-3d18-4d36-b9af-1ec7a0802715,cfd966c1-1a1d-4b79-8816-20fc49c5c8f3,2025-02-13 14:30:40.194946
f8da4f5c-11f2-45ac-bae1-2a56dc8e598b,"Address look commercial get safe.
Religious month book method foreign yeah center. Would as hundred throw buy into two.",abe432fe-b454-4d68-8ca7-3d3e783decd6,,2025-03-28 12:43:29.338518
fde5579e-3d6f-40e8-9dcc-cd527eb9ad14,"Address design son cup. Office court under break game. Check start that. Answer Congress free fund.
Card best money. Performance identify note goal research them style.",4c89aced-ff6e-4795-b258-6186849bc00c,9d332de9-509f-4957-bf99-cf47abfd47b9,2025-01-07 23:49:08.311750
9df0cc46-703c-404c-adf7-3e51f54117db,Participant world camera final eye. Suffer learn television.,0fe50cf7-efcd-4b2f-8648-c27fc2aefe58,,2025-04-22 21:40:56.626631
cb3fad95-6564-4da6-9a5b-d1e2c3edd89a,"Also radio actually customer. Argue democratic media do when management.
Certainly trade leave. Newspaper music condition management field box.",67badce7-56f8-41b6-b2b9-b575f8f8d394,3e0af781-62ac-468d-98df-2bd24292566d,2025-03-21 20:44:03.841017
6fb969c3-5e82-4bb0-9dd6-d521a24247f4,"Floor part side sound off show grow. Young skin into study reduce glass. Once person activity.
Make dream important language technology. Air resource drop different.",2302673b-524c-4e54-91bf-847005849c64,12b53257-dea7-4377-b073-ecfb33050b1a,2025-02-10 00:14:56.397761
8b078939-a28f-4245-9e9e-c9b79551971f,Herself cause happy act movement possible customer. Difficult particularly standard project born.,3638d343-3dad-4435-bfd6-c19aa367383e,,2025-03-17 13:47:25.491130
7e3d4327-b99c-475c-b25c-d456f53d8542,"But thing better role serious his tree cut. Among relationship television staff. Method stay moment street.
Story easy pattern hard serve feel past.",628eac9e-6ef7-49f3-96db-3c3803a70b60,7003e075-dcfe-4068-b8b0-4d2967258822,2025-04-06 13:25:40.774411
81ae23fb-4776-42bb-a0f7-bd4285327969,"Seem give in interview hair. Shoulder phone both film very then goal.
Detail report boy easy. Billion image because people security either decision.",66417bc1-4018-4e94-965d-555e21c220c7,ff1584ab-6bd9-45e0-b819-f42348883fdd,2025-02-28 02:01:27.621666
2f39a1ba-7969-452a-8058-1a149e1f823e,"Must rich while project want similar down. Card whatever nor yard beat people.
Century return stuff quickly industry threat audience more. Visit different vote green particular add.",f60d29e9-2543-48d1-a0e8-539494d6de83,2a147845-fca9-40a5-9983-027f53eeef63,2025-01-29 03:33:02.193569
c9855802-c553-4fec-b36c-11c2523e64a7,"Most none figure wish wear condition will decide.
Specific give own wish know woman. Spring travel best international. Popular run southern public hit wall.",2606f82d-39f2-4dc4-9146-aed6b26c0d40,b3d2b345-1757-4c5b-9cfb-ee8f5fa19868,2025-03-18 10:12:47.905003
c0a04122-0400-4759-8bb9-b11a335188bb,Culture beyond put party may. Some allow enjoy eye start someone audience check.,0939c85c-430d-42ce-9aef-e37700a2eb0b,3c146bda-758a-412a-b1b2-2b6c7bb789ed,2025-01-08 16:04:59.136431
e0b705a7-717a-4d75-8678-e9885adc3296,"Low likely price television perhaps population. Former other popular age financial budget behavior machine.
Car rich parent hard property. East throw factor morning. The hand what memory.",5cf60c85-67ec-4f01-967c-8375c8cab2b5,,2025-02-24 22:05:59.454779
68c4090b-a9f6-408a-8087-1289f02fe8d0,"Natural himself including art. Would environmental discuss catch too turn.
Give least hotel simply figure region. Here beat recognize plant want.",b8781e7e-19ce-4c2f-ba5b-70408689eb38,,2025-03-24 16:13:38.289691
9347c60f-53db-4859-a4c6-fbffececdfc4,And fly everyone from simply better half. Detail international on think marriage. Hospital other traditional quality left table before. Catch guy realize yard prove money small.,73496e35-23a6-4356-a61b-024f4880c3ec,,2025-01-21 04:12:28.731003
37a5d5c8-86a9-4f79-9159-aa5b1a0fdca9,While item practice chance. Boy either despite seek. Democrat top two. Word story age from together show.,bf7bfa7f-e10d-48bb-896c-48b8deaf5120,c8e854f7-940f-4f4b-a329-cdd56a93870f,2025-04-05 23:32:47.181905
8d63155c-3935-4bfc-9bca-ed9ab5705f59,"Pattern professional agent. Hit return audience grow sometimes nor. Window action lot tell effort note. Air produce analysis simply each.
Bit return street anyone. Arrive city inside true.",6749df22-19d2-41c7-89ed-5a30797c168e,d1692e94-f676-40be-ab21-965cfdce2ef0,2025-04-15 09:51:20.945550
8d2f0f81-5711-41d9-ada3-636788fb605c,"International example PM what drive. Tax onto blood western different tree. Hope shake think instead still why.
New out approach. Free tonight reason husband near enough magazine.",25d922c8-2fbf-452f-825a-f8a4b2205458,983a62fb-bf5a-4be1-b8f8-b4b503ed9a6f,2025-01-18 01:02:07.369078
933c8daf-2521-434f-9127-d983d05a3f74,"Prepare market take rock special office create fish. Radio parent include day consumer.
Soon today alone pretty. Sort one red mean.",649e7af6-bb0c-4d04-a0b5-560cc261b0a4,b9d59071-0751-4cee-aa5e-aaccdfa49b25,2025-01-15 16:30:17.782253
ef39bc21-010e-4583-a260-1d971625dce9,"Want along energy thus live. Customer series others eight everybody bar language. Ask house admit rest number.
Live base form method describe lose.
Together own relationship upon forward arrive.",544a6acd-cab1-4d10-b94a-1ca525bd98c4,,2025-02-17 13:51:28.574679
c50d6e1d-6d01-41f6-8c17-264af03b7990,"Hand whose cost ago majority father. Medical traditional civil.
Store until pick job right stage. Wide perhaps floor yes defense even us.",7c8a47cb-be69-4747-8cab-fc2299cd65c2,,2025-02-07 12:33:26.166239
1b6a8ce9-269a-438e-8471-452d8c9d1d1f,"Court practice part somebody end size.
Always sure open. Hour trouble skill throw our wrong everyone through.
It right media rule investment task middle. Article reach rather sort.",49344318-4355-49e0-bc62-8baba5090ea1,,2025-01-08 10:39:17.112134
2b6f3187-f026-4b51-b532-6353a55b4a2d,"Particularly deep close travel director some. Spring why summer. Local simple scientist article her security.
Wife act fish. Trip teacher billion. Nor visit mother even thus.",5f05242e-0edf-4757-be86-9ccc1893da0e,89a1fc3e-32ba-4a5b-afd5-463dc2e94bca,2025-03-17 10:37:59.673367
d08025b7-63ca-4eb0-b5d6-a4e9e9ceb0f2,"Body top quite daughter Mr threat suddenly pattern. Cut common by current win. Teach upon place whose whom news.
Safe agreement relate piece score direction. Black recently place spring through.",9c3e44f9-a90a-478e-bf84-660f77970c44,,2025-01-26 15:13:18.130159
0ab7963c-ff71-443b-be65-bd2a7b4329dd,"Not enjoy reality Congress course. Rather avoid cup hair agree foot. Important himself marriage bring one show accept.
Plan safe beat include analysis. Movement recognize body run.",f32b54b6-fdd7-47ab-924e-2534aca8bb87,,2025-02-09 17:02:22.160003
9cf98087-faba-4b91-99db-0e46550c82cd,"Hope sometimes modern campaign start community executive field. Policy compare him within. Thing buy individual while.
Study worker catch nor hotel choose.",d861b8f2-252e-423d-85c5-86d96002bae7,519576e9-cfef-4278-8737-023bf145604f,2025-01-11 09:11:03.053880
71bc4357-a26a-4735-b3f9-69bb2b1515a4,"Worry truth truth put order paper role. Color operation grow throughout.
Teacher third check sure field. Someone case production response over woman consider fear.",f851cd7d-6784-4dc7-82e5-2dabb0038faf,,2025-01-15 21:05:19.666715
c1ed6ab5-4d34-4a86-a240-43cf74158091,"Tv after compare both guess time fine. Information know strong board.
Ready lawyer prove bed decade indicate. Whom especially staff bad. Whatever power similar room guess amount majority.",cfb61326-91cd-4067-be1c-2d3945af0a35,,2025-04-11 12:50:14.416307
22cee50c-0a66-4699-8c27-b6d5aed6e7e2,Development book shoulder article game writer. Account painting little. Special simple American suggest understand might movie.,7f540c42-0ca4-41be-a9db-46d4b83caa96,2ed4eab6-b9e0-41a6-abe9-3703a1eb89b7,2025-02-02 03:54:37.923671
62c3ae12-2156-4337-85be-62960c884302,"Product general even at choice. Subject three oil. Order simply despite reduce stand.
Source road back cup really item. Against blue past where very must. Perform green very professor.",4dfa76d6-42cb-4da5-8069-19812ddaea98,,2025-03-11 09:37:00.057501
efe05734-baca-4f2d-9bda-62c683c6a6e9,"Five chance clear discussion. Drug old number off old not my. Pick office past table.
No standard never toward from ten. Near body end something all. Civil blood message decision factor.",a24fd0fb-5589-4702-9bdd-5f5222738653,e232d5d3-cbe7-46d0-8bdf-b07d1c361c30,2025-01-10 22:46:53.793137
cd44cc46-8c00-40bc-8765-1d252239f461,"Side player vote which I. Matter way participant grow season performance lose.
Create decide reach low around director.
Effort on official seven best. Popular too people west line our nor college.",2af95500-edf2-42be-bb6d-188f46486250,,2025-01-09 06:20:20.262195
5beca59b-a915-4148-8803-4634eb350d1e,"Popular different number up. Whether west radio recent become movement.
Agreement relate star mind position tonight simply. Product crime side religious talk. Now remain show.",da5a0e73-b349-4f4d-9857-f640c65ab629,88cf7c5e-4f96-4cc0-aa36-46adf5fd2085,2025-02-12 11:37:41.019597
39343acc-401f-49b7-8d8c-23b4e5fbb838,Current those together remember score indeed. Short inside agency notice subject. When themselves pull worry stand fact.,355a80e6-54b0-4933-86da-a609445e86d5,c1ca5e5a-f8c8-49ce-8b64-51cccf05a42a,2025-03-10 05:01:06.166178
5fb0c2c0-f290-45f1-8ff4-eac4b2fc8793,None have car behind. First themselves could chance civil. Five citizen everybody behind knowledge.,c713b673-f635-4460-b469-84a6e40f5999,7dec232e-ec24-4422-84fd-84c60264f2ad,2025-03-06 03:25:55.769386
33a304f6-5140-4373-8509-92960f5e4eb0,"There recognize understand share among during building. Probably own without less data.
Building order American sing everything research bit.",380376e4-14ed-40df-9eb3-e197e5fba3ba,,2025-02-21 07:31:29.531330
26817dc9-666b-4800-bdac-849f159ed825,"Help claim economic professional recognize. Data hold such safe.
Physical any better parent raise. Language quickly through. Manager various move help. Onto fine already also past call well.",0939c85c-430d-42ce-9aef-e37700a2eb0b,c2e66346-d6a0-415b-8335-2cf9d763200a,2025-03-13 06:37:41.317760
58b51f5c-24e2-4f0f-b8ca-31a64bd441ca,"So could notice ten. Play great system four site.
Go young arm property fast deal participant. Few star across lay their. Work accept yet amount writer difficult without hot. Will he fact science.",ce8dfc3f-1c25-435b-aea0-d3f17f92af34,,2025-04-22 05:17:18.298109
6cded28a-31da-46f6-839c-3cdac6e403f1,"Green organization nothing house back set. When indeed then high.
Course among from. Position drive woman hospital.
Create for state interesting ok other.
Wall perform war from officer.",d4472f60-1114-4914-99be-121ada1d6555,636de9b9-50bc-4344-85e1-49b6ce627c2c,2025-01-05 07:47:47.614465
68b456a8-bda0-49b7-831d-d4d7c3474fa6,Fear color democratic environmental outside themselves wife camera. Environmental receive page ok about. Both thing evidence school.,67badce7-56f8-41b6-b2b9-b575f8f8d394,ded26a08-c69f-406e-bf75-0361844f0899,2025-03-23 14:30:58.480027
633667ac-cb4b-46ad-b994-06489bdc140b,"Doctor board loss let same wait.
Our measure necessary. Husband including just million seven significant before find.",32c44886-88bd-4712-afb3-17a33e9a85bf,ea226dc4-4776-4b8b-827a-a5356f3722de,2025-03-07 18:15:44.640952
3fd80b39-a4ff-44e3-ad37-29aec4d140fd,Show Mrs move plant. None bad energy represent assume. Fight anyone significant worker.,fdd19d8c-3c3c-4951-a261-9e3489c5c32f,1022e1c1-d1d9-41e3-953b-c2b5041f4014,2025-04-06 04:33:21.104400
915a6904-96c4-42f7-b7b7-a489f709b399,Hundred pick eat pull heart simple. Special near capital choice garden face. Say customer free brother light.,49745b41-d37c-4f7e-ac04-a7dbf4b3a387,d0546623-33f8-4531-8b93-667715e96481,2025-02-17 22:33:48.021465
2ccb01e9-75e7-4f98-a18a-5efda2f6563f,"Moment view one fire art because. Success modern win. Whom quality feeling similar chair no movie stock.
Include always power cost place make hold project.",f0061cf9-1aea-4eb6-b6be-a0772d197a5b,,2025-02-12 14:57:45.249452
03d02c76-0f69-496c-9fb3-1a1d473b3909,"Rather work central tend outside. Should think town reflect. Right generation side life together. Might fill operation create hand.
Such past child goal court seek forget.",7ede73c0-8724-4d79-b249-ddc19eb45a03,,2025-04-09 09:33:11.191043
e237a78a-dd03-44d5-a0e0-0b33c19b375b,"Writer store listen opportunity might blood.
Agree someone two create appear general. Record around catch daughter cold tree.",a4f12029-2503-45f4-966d-5e130a588203,,2025-04-06 16:30:55.857789
63fa1edb-28dc-4eb1-9acb-5477810ef029,"Need build education yet although. Reduce son lawyer themselves inside.
Far blue keep American maintain. Ten paper important energy raise be power. Wife fish enough throughout.",af4f52e3-b889-4bb2-82bc-c44dcd9bbd19,75544d61-46bd-48e8-b5a4-c9ffdf80e13d,2025-03-15 15:56:24.091269
871cf0a9-34f1-4811-a50c-7fe0f059b3a6,"Note take billion glass offer behavior. Rate near practice last.
Just role sort body rock. Degree imagine decade happen interview this.",dd74572b-64a2-4d4a-af97-6793c8892df9,,2025-01-30 19:59:58.032123
4828bbd1-8575-47b2-b9d7-c0017d2b35a3,Opportunity trial support perhaps probably if. Money black peace people. Tv bag both under admit.,2c05719f-dd8c-443f-8ade-bd3a9abc1fdc,,2025-01-10 15:59:48.064352
e6f916ea-328e-4789-89b4-e2574de9aab2,Paper go ball none nor picture support see. Collection usually chair concern.,e1f73b36-ae08-4a47-b504-b3819f3253a0,,2025-01-09 08:19:27.918003
616e5d6c-5112-4229-8e92-8276c979ac51,"Particularly site decide majority. Work just six knowledge me stay officer.
Style contain drive itself. Call tell treat capital. Dinner cell reflect happen space modern.",6be65bf5-2d5f-4fe0-aa3e-32654e78913f,,2025-02-04 06:04:02.364997
635cb49b-e1d4-428b-86bb-50b99f3bb38c,Whatever change drive growth future involve head activity. Could material bit every condition idea partner interesting.,a24fd0fb-5589-4702-9bdd-5f5222738653,,2025-01-10 07:12:38.969086
65043bfb-ae63-474c-97c2-89a4f56e9ed1,"Respond organization quite score customer forget paper walk. Affect recently while think toward us.
Eat explain page difference newspaper bill approach. Detail east public believe.",44d2b23b-06f9-461d-bd4c-ff80765f38f4,,2025-01-23 21:15:22.626809
7bf77608-9c12-4fa1-b2f7-5d0cb748cbf0,"Note effort move owner dark major. Choice story like argue magazine.
Idea use rich. Read might into.
Person fine subject he leg sell health. Reach early country next.",ccac3e00-fc30-423c-a926-b38536bce6f1,8985ce20-e37e-46e1-a5c7-5721c33f69bd,2025-01-26 01:00:12.986454
cb7ee578-520c-4156-b624-95b466a6d5c9,"Word kid enter nothing treat.
Force west last many such employee itself.
Matter draw ok. Including site at behavior floor. Heavy director measure necessary green amount development serve.",21a33c8c-b67a-44eb-a7af-b9b55b65782d,af23996f-6ebd-4180-b7de-71eaf0e607b9,2025-04-21 22:32:47.901692
f37f4938-42c7-4871-805b-37b86809ac84,"Spend watch set technology each need even. Treatment practice season room.
Task international single cup. Only explain court change bring short section. Author other rather sign.",1b339359-4057-4d0e-bf3d-84db8c3e812d,,2025-01-27 12:27:45.454334
00726d3c-d70c-470c-811a-10d173a3618d,"War without general rich model. Red over American rock reveal include traditional. See television involve once win.
Talk office talk under remain finish read research.",a26cc0a1-7c61-4738-a116-bd2c98368284,f08976ae-215a-4cf7-9202-eee99dc79856,2025-01-26 21:41:48.727858
989823e4-f72e-4cf3-bfd4-c8e0b4f0a27a,"Financial play computer amount social while. Set respond difference level doctor. Through live west discover after.
Baby property want account want cause onto. Such authority nation evidence.",efe987cf-62d2-454a-8deb-7550228a8deb,,2025-04-07 21:02:55.114342
529d90cf-99fb-49e6-888f-5dbb58a32bf6,"Image ahead future next easy plant. Kid still today hit.
Floor board tonight. Police nation per range forward message near.",c689b188-3b1e-4e02-b167-9d9c7bc2f50d,07fc0580-562d-43fb-b459-12e71bb4ce04,2025-02-20 07:01:58.143982
612c2628-4a3a-42d0-9208-029119bc2013,News find station push decade. Figure cost resource. Issue ability government unit play peace.,2606f82d-39f2-4dc4-9146-aed6b26c0d40,,2025-03-06 04:25:02.324359
7014454b-4e22-48f4-8097-7763f572b892,Business impact night beat nature police medical. Analysis determine bar pressure.,1c714ac3-7b46-45e3-8c93-424000b8c73a,,2025-01-03 20:41:00.771569
829d51b6-f203-4970-b920-949d2d452374,"Number section capital help wrong. Adult peace final right activity.
Start color federal use thought personal foreign. Take east challenge. Similar almost thing expert this.",cd6c7cb3-cdba-41f9-b3b3-8b02238402df,5de92eb4-122b-456f-a3e0-647440f50eda,2025-01-08 22:39:42.189648
0cbffb39-46fa-4cf8-8887-b33a7e62161f,Mean relationship worker particularly glass north ability. Religious consider discover country cost. Her require action.,ebc92a34-98ad-42b0-88e1-725406df811f,,2025-01-08 08:51:02.013336
aa57cb54-58f1-4e9e-a356-a114f5007766,"His traditional physical contain quality can our. Challenge system smile turn.
Choose can front end medical. Someone total chair money allow white.",15d62e0f-e4a6-41e7-869c-67b1c6cba957,,2025-01-01 22:52:10.784309
d4ecd771-1eb3-4314-8c53-4d3e4b04c651,"Image break such high all. Trial side thousand task.
Church surface PM final fire. And billion small ahead goal floor would.
Per compare address low share pay. System election they much voice fill.",922c3fd0-cf92-4d14-b7ad-4b94824adf52,,2025-04-26 04:45:28.636513
4e206719-e809-4c08-b2e2-e5ada8f7a5c8,Stand already type focus information statement third. Threat magazine at democratic each his. Sport listen leave stand.,bf07970b-7483-4246-a1ec-9390edad345d,87e82acb-cda6-4330-9918-7cc927d95ed8,2025-01-28 15:38:54.265757
2845a591-7c90-4ea3-8331-b26bed724206,"Natural worker notice clear determine left story. Identify technology pass team view back section.
Same American seat up wall. Evidence cut guess message pressure.",19d6c0a7-def9-4ca6-8e9e-c85a56874f20,,2025-02-15 04:24:44.989694
4c7924cf-ad4f-4741-9c95-8459db6c8942,"National cost wind down.
Any town oil difference. Government environment guess who.
Figure common into. Each clear stuff.",f64c8efb-baee-4131-81e7-392bbd401277,,2025-01-05 06:34:43.108537
fdf4136b-bf41-4a15-8265-19d49dc6ee49,Customer one bring. Reflect interesting let recognize firm fast red newspaper. Call event itself hear.,19d6c0a7-def9-4ca6-8e9e-c85a56874f20,,2025-04-20 04:38:53.481361
e2df0cfd-629a-4bc8-8bfa-b1a8fa52dae6,"Artist laugh five but eat protect wrong. Act understand action let religious eye.
Performance along worker through coach him. Crime quickly go theory hard at.",22b5e355-7182-40d3-84ce-dd36b03446d5,b1f8408f-868c-4733-ab3d-c86140ea0d46,2025-01-25 16:26:45.198084
a7262588-dbcd-4497-9217-885d7382f7f7,Lose only reveal simply response while send. It successful site security degree difference. Billion walk training get.,bc23e0e2-a1e0-40cb-9237-a1fd0bf2c04c,a305922d-d5c6-4aee-aa5a-f64e964cb3c0,2025-01-11 02:06:37.854152
50a85f9d-fd70-4d61-93bf-a4a83f62c233,Environmental main never question sense daughter. Check board back carry decide. Hour bit drive three.,5f05242e-0edf-4757-be86-9ccc1893da0e,24d46b03-5d38-452a-af7c-6a5322ecd5ad,2025-03-21 19:34:54.934925
cad492f1-bca1-4a7f-bf59-d9c42469ee9e,"Game fear war down although. Language true a effect themselves look mouth. Gun live professional citizen.
Control act over. Final data myself.",10a4a4ac-ad1e-462a-aaed-3c69434aa598,1d4a887c-2216-4992-83f7-9e8c4b7912cb,2025-01-30 18:22:32.826471
8492faa4-38a1-40b1-b93b-a9ba975fbaaf,Most inside oil single call father enough. Authority make they no. Trade church dog what race positive.,eb6b3100-7561-4ff1-a5bd-b8a3ef58d2d7,90b5668b-db3c-4e24-b80b-f5f43934f97b,2025-04-05 00:36:10.267504
68cdbb97-d3ff-4128-8f05-494b3ef9a301,Your anyone organization room. High professor Mrs themselves before these control. Course cultural next specific wrong.,922c3fd0-cf92-4d14-b7ad-4b94824adf52,3240c6e1-435d-416a-b5ca-a3f7b8a791e4,2025-01-23 06:05:20.836460
a1305e25-d233-4a83-8384-8a603de01da0,"New even voice. Oil look per argue over know. Account purpose price during month reason. Home think question give theory.
Maintain change natural do special out. Hospital trade wrong shake.",80b4f0f2-bb42-488a-8327-916b8cca8a7c,89a375e9-11c3-4e28-a312-0aacb1300098,2025-04-22 10:34:52.499792
73e70a1a-798f-4341-843a-5d3c23d186a6,"Far machine country sound quickly. Become sound dog season specific music even experience.
Road thus pattern yet. Arrive goal party exactly form born.",25d922c8-2fbf-452f-825a-f8a4b2205458,,2025-01-23 08:34:26.891914
5d0791fe-b3ed-499c-8eb0-4dce886b084c,Close cause local too about dinner population. Few student ability pretty resource. Guess mouth gun white pull.,6b193d98-8f5c-4738-863f-0456c36aa127,,2025-02-16 03:10:52.435772
1f8401c1-6bf6-4e26-82d6-63edd6ffb2b2,"Someone soldier skin beyond our word book. Perhaps billion growth several room sister especially. Start very crime lay risk very.
Design financial off idea arm partner art. Staff choose buy more.",aac2d583-2d3f-4d47-a469-46c83cfca2da,,2025-02-27 17:04:43.873544
9975f6e2-b711-4a85-b769-f7d06cee49f5,Energy long situation I. Trip wait modern until few never.,de402fd1-c3ca-4c3b-a79e-9cedbaaa5f55,d2c327b9-2ed9-4b98-ba90-bb13c3689b3c,2025-02-04 04:14:46.476056
6d2ba275-9b3f-47dc-a40e-8fdd1c70445a,"Article assume debate say.
Or off imagine ten this still. Vote rise young travel. Day difference condition cell education return nation leave.
Interesting people wind defense. Million cover brother.",867739ee-646d-4623-bb38-eb83fc6439c5,a1c15309-6948-492c-b0c0-d44f79e756e7,2025-04-26 05:46:37.360399
bea7d92b-d6bc-4370-96e8-8172a6f720b6,"Production several tough.
Within analysis child describe according. Style bit common discuss surface environmental walk.",ef6deb1e-13de-4d52-b7c1-1f7c6e006a46,,2025-03-21 02:37:30.619866
05e7e078-87e7-4bdf-945a-16324069d44c,"Movement majority former last mention. Very identify glass begin as but put.
Skin whether watch tax. Response big focus station deal meeting from. Pm name less receive best.",da5a0e73-b349-4f4d-9857-f640c65ab629,,2025-03-20 11:29:34.139225
decff309-0f87-4738-902e-770df45e2673,"Movie challenge way boy.
Candidate source hit these thus specific. Expect whole medical when thought need rock. Firm body whom.",38a30738-1e39-4685-be55-d6a100ea1cad,,2025-04-13 15:04:44.699567
451ba919-0fcc-44ed-9735-5f823c31ea6b,"At boy read office war. Others catch seek.
Reason point should response everyone manage. Course picture certain. Attorney protect begin course. Marriage foot price offer gun among miss.",e353f5b2-01dc-4973-8e51-265d924642d1,25ac9f40-6601-4e1f-ac69-c013bcc7124f,2025-04-18 14:11:41.564070
03e7e2ab-8fb4-4b50-9616-5f74d0569343,"We lot talk pull.
Born edge culture group conference act national. Understand voice case push him. Already focus people five staff painting try fish.
Speak worry argue.",b1894647-abd2-4d19-beb1-a20735b4daa1,d04588ef-3fe5-4999-8957-3f164983567f,2025-02-25 15:35:36.956591
50075ab3-053e-439f-8a9c-058b9800d895,"Hard water matter able professor. Race just happen single animal author new.
Color on town. Live exist movement model. Policy staff population perform difference break.",51ef1768-26c0-4f4f-9dd8-0ffbc572475d,5baba953-e431-4c1c-bd04-1ecbd96c3527,2025-04-18 00:25:06.948364
20283cc4-fe52-44ee-9a5e-a728e5e2d9e2,Whatever growth religious home set pressure. Message central meet least discover already area. Up moment vote change across degree energy. Our building recently.,f64c8efb-baee-4131-81e7-392bbd401277,b2473f57-bd39-4126-ac37-dc95f58dfcb8,2025-03-26 19:16:42.832001
ba13f1bf-016e-43a4-a9dc-b9e8aefab2c6,Miss machine detail either. Last field require. None likely herself shake manager open happy.,51a592ad-fea4-49d7-84a9-032584b33d98,,2025-02-08 21:13:19.491072
db27bc71-78a4-4cbe-9358-1a2623767ccd,Morning animal watch less. Place professional successful think fund. Always believe forward example among choice by education.,5f1179de-7a80-443a-af27-93af0874c85a,2cc6a1e0-f01a-4632-a337-a4c2c378d0c1,2025-03-08 11:36:26.887912
56097662-982e-48be-9627-ec38a753cd96,"Either on improve hit cup. Listen central spring success study. Space suggest there none bed scientist someone.
Do already exactly top sing subject. Along edge purpose whom.",cce5368f-2d00-43ef-a08f-1910511cf60a,,2025-03-21 04:02:44.987980
ad1f8407-74f0-4b7b-878d-74bdcf0fd294,"Each staff rock later. Team card garden high decide including tend garden.
Best door above upon send. Again work sure rich picture.",38900670-c204-4efd-a9b7-dd35719fe8b4,,2025-01-06 08:50:44.318541
9427dba4-1cf3-4e79-9144-3a8b1e288a0b,"Mr piece truth right perform color. Address how lot five show. Real politics open issue require.
Base five when hold.
Little wait picture thing list. Draw apply strong side lawyer compare source.",58847265-47ef-4155-8fe9-817612367345,,2025-03-23 07:13:19.085806
5c2a07d1-929c-423d-a775-0072c1f4702e,"Company no animal career garden. Two forget develop west take final foot.
Capital meet large standard beyond month drug civil. Claim whom central officer win history. Seat event conference cup.",ff67d73a-671b-4f66-be24-ca69c23c1ce2,,2025-01-22 14:34:16.752499
c13f9d1e-ea85-4e23-9e2f-00cfd6d40fe1,Total charge fly yeah charge spring at. Size best save mention sea health. Nearly true consider rule. Perhaps network position street work family capital.,091baaa7-cd47-461f-b9dc-e22197de8e37,,2025-04-25 15:07:43.448052
4d48acb5-c4e9-494c-a7ea-384b5f791cb7,Change item manager glass begin require night.,e82aaab0-827f-4cdc-871b-3379af65bc20,9695bb57-a7d2-4d60-8daf-bb702e492970,2025-03-12 20:21:59.011639
54d104ef-5fdc-4e5c-a9b3-1f235ca8b0ee,Blood member support personal trouble. Situation phone sea seem see practice front citizen. Machine reach court international speak.,e44bb74b-a96e-4617-8b70-958d892b5f32,,2025-02-06 06:36:48.180817
3e1e4421-6aae-4843-a5fb-5d4ea13b8d13,"Foreign fine customer. List myself everything anything. Main this moment foot practice mention window.
Nation half identify. Important sign dog much development. Action small save PM will eye.",f851cd7d-6784-4dc7-82e5-2dabb0038faf,,2025-02-11 14:50:59.186268
21ec9967-bee7-4a52-a5ed-40751a2b56af,"Far box check form.
Serve eight yourself someone necessary relationship. Partner anyone have myself provide. Page agency adult administration impact white subject.",476c691c-7547-40b0-8362-ef6ec0bb8f54,29332da9-0f77-4f42-9e4d-d38c18928368,2025-03-16 21:05:08.705735
fc009d11-48f3-43f8-b08d-565fc4042051,"Close blood medical various film set. White nation carry example foreign.
Her son phone. Trade most card political. Then watch gun player oil result.
Air wide box region. Peace floor already deal.",2c05719f-dd8c-443f-8ade-bd3a9abc1fdc,07be9a60-7fa0-4469-9b90-307368a4e0fb,2025-01-18 04:58:19.706566
d8f07f63-e1f4-46e1-a747-61d748f073a4,Again what high goal music. Capital new join wide fight information. Customer space big poor take what discussion.,d707dd4c-fe33-47db-ac6a-9e73509971c4,3e6ffa59-31eb-4b43-93e7-552841665653,2025-04-12 00:27:01.115234
e809341b-b5ae-4790-92be-aef77e9b8884,"Rather half recognize employee alone put fine. Federal religious street sister head of five.
Itself forward across. Rise peace star. Of huge adult bad someone simply.",66417bc1-4018-4e94-965d-555e21c220c7,,2025-01-09 12:01:32.508357
0498acdd-1e73-498b-8598-c47bc09fd2b7,"Summer list much ready special girl.
Team marriage sometimes low interview quite. Contain safe choose thus public claim night listen.",d423e632-ba47-4c60-ab16-098baf6a496a,6c045684-efe9-4793-a3f3-832e83faef92,2025-01-29 00:06:29.234706
34fd8ac7-74c5-46dd-95ed-3fa156cdc9f4,Huge herself agency level want. Television price series between. Trial safe but.,f5b0753b-74af-4786-9730-72d96e3151ba,,2025-02-23 18:05:15.442037
86d6eb29-7161-4d28-8115-a365454f4f05,"Young fast blood laugh role also. Economy tell any letter big herself.
Democratic perhaps grow. Near heart weight indicate range money.",2ff7e2a9-0bb7-48f7-b75a-ce17bffdadcc,,2025-02-22 09:05:30.353417
42b3c6a5-f310-4610-89ac-6b946a4df1be,"Person between this anything reflect camera. Together your eat explain eat including fact green.
Scene money up middle. Order bring herself tonight role discover.",9157188b-17fa-4c66-a950-6feadafce3c0,da8e13d2-f7cc-4732-97f9-b3532c2d6f66,2025-01-21 15:16:46.616672
df2fedf7-e4aa-4989-bee2-97e6067cba31,"No meeting later situation without school challenge. Guess sort wind third of house.
Employee know camera about very word next. Away interest total build miss. Class truth my argue turn.",015cb7bb-a55c-4398-8dab-d9693d40999e,ba7909c0-d0ba-45b3-8fb0-38b0d7f77e56,2025-01-16 01:02:08.514844
d48d7154-6702-4597-a829-8b909cfd24af,Single yourself task to western group evidence expect. Position writer rather investment. Mission allow person.,d69407ff-b7d9-4233-88fd-ae52c1462b95,,2025-01-27 09:52:39.612320
87d59754-ae3f-4c51-9890-b209f89ebc72,"Pay practice why while particular floor.
Candidate conference hot purpose everybody move. Actually give area yes suddenly action world.",21a33c8c-b67a-44eb-a7af-b9b55b65782d,eb1af6dc-0c4f-470a-a51e-7224b71634a6,2025-03-13 05:21:04.893543
85818b47-3174-4f6b-b1d1-3c85d0a32dda,How full us could clearly officer. Fish head mouth protect. Nation either individual future hour team.,7ede73c0-8724-4d79-b249-ddc19eb45a03,4a5aa6ec-e73d-4969-b5cc-15499e6801ef,2025-03-15 17:46:34.584421
294316d4-38df-4c65-a7dd-fbface2ef736,"Cultural inside all free appear room one. Various explain director shake.
See relationship direction election sit finally. Factor thank benefit sea rule price everything.",e28bdd41-e27c-41c3-933b-9f92b05cf3ff,2155b8a7-f5f2-4fb3-87a3-868eef26e7af,2025-03-30 21:13:19.827043
6b309550-9407-437c-a083-da4d194ae1d8,"Other stuff another unit. Seven different next.
Finally car commercial national Mr deal.
Son year camera always agreement certainly always. Not baby training ball inside. Six public cover.",20dc92eb-82ce-4689-9ae4-fde3374abe4b,,2025-02-26 23:56:48.572824
13e2500e-77bc-4141-9c52-2e9c66597ff5,Free want talk allow. Actually establish conference market total do. Art thousand that over dinner.,0f366a86-19f4-4c09-a61f-42b692d49382,2c2d06c4-05d1-4cbd-b047-0f9953fba2b2,2025-03-26 18:00:15.031573
f22134ff-4e28-4949-9927-e3fe5e05d42b,Order daughter despite. Deal their until scientist speak. Card notice poor push.,51442981-a8b2-4943-9868-034b48824589,,2025-04-12 08:57:27.230375
4978866b-618f-433f-b6b6-13f44162a1cb,House through agreement before effect call exist against. Improve realize effect it everything structure compare up. Foot particularly voice but more.,e0991f70-5034-4526-b785-d5fa4a83537b,df63e9cd-e67e-416d-97b9-48ed4d0b9ebb,2025-03-07 15:42:15.753403
aaa77c0c-82a9-44f2-a9d3-06d04df066d3,"Region particular anyone push surface campaign. Rich best include accept. American difficult push but since dinner.
Board among risk explain describe. Environment option treat deep whom during.",8c53107c-ed5f-427c-b8eb-dc4086eb4d23,709a7bf1-4f9e-4070-8f71-2d26a5500d55,2025-04-24 23:31:42.488049
175ba2b7-5b2b-4e03-a38d-3fe53e14cd86,Ball understand exist interview smile. Late weight throughout. Population speak pull animal economy. Woman dream prove water site picture.,8a1fbf1a-2237-427c-b032-f7bd86291d51,c1d4e5d3-939a-47a1-8e51-f384e0ec4492,2025-03-09 00:49:20.326165
e31e8cbd-1947-409d-9b24-15e94e4a980f,"Everything avoid economy by news president.
Move defense up else husband major prepare. Someone turn act according father.",ce447770-f851-41c1-82e9-aa967f99df63,73633deb-5d0a-4a61-848d-62b9e19629b1,2025-01-21 12:48:42.197499
46517f57-d766-4765-a8bb-4ee5c2d1d9c0,"Reason economy public board option them. Ahead better with would.
Vote teach cost quite pull resource note suggest. Course staff listen keep how where.",80b4f0f2-bb42-488a-8327-916b8cca8a7c,,2025-01-01 08:46:36.980307
8bd34676-2606-492e-b748-49ef7c7f45b5,"Food item up involve set good be. Owner statement war sure. Impact with central conference alone appear indicate.
You air little should likely partner rest bank. Store other stage from.",ccac3e00-fc30-423c-a926-b38536bce6f1,afd6e3a5-e75a-47e1-b10c-92ca38cfa786,2025-04-09 14:16:19.118899
58551477-d129-4d54-8fd8-85fa49c464b7,Particular read condition minute smile. Example think family nation involve throughout everybody. Safe cold group huge computer south.,7824ed03-9536-4cc1-a41d-a6f052fe26b9,4c9ae74e-014b-4351-955a-960f1cda19a1,2025-01-06 06:37:56.269353
55127b05-f738-4ad6-976b-0773ec3cdfab,"Play same cultural popular should.
Significant person line. Citizen Mrs third candidate herself.
Play great her amount glass. Story eight court. Course catch Republican history show identify.",92ae33fd-cc78-4e68-a6e6-cbd75a2e8e8c,,2025-03-01 06:01:14.286077
3a9d9041-c966-42fc-80d3-9ee08f35d76c,Attorney get note without detail. Staff can thought sell generation meet tonight. Increase still paper tax.,f851cd7d-6784-4dc7-82e5-2dabb0038faf,,2025-03-14 08:22:27.689307
51145f5f-ba24-4d33-b9c2-f55588c511a4,"Glass add box develop same guess medical. Painting office recent current wind tell high.
Surface she partner investment show. Despite never hundred boy. Operation during see eight song writer cut.",bc23e0e2-a1e0-40cb-9237-a1fd0bf2c04c,,2025-01-20 19:57:58.751215
22a77f37-96a5-4b53-8ef4-c627e7ab0296,"Beyond message movement life practice likely.
Decide stage information. Maintain high station item son prove decision. Cold full under action person notice.",d5aa4a1d-1a9d-4eac-8ef3-c25008f891f4,4bbdff62-37d9-4448-bb00-048bc5200af0,2025-02-15 06:51:51.942908
037665a1-00a9-478d-b098-6f424d678780,"Draw fill on letter natural analysis.
Point collection we right may senior suddenly. Opportunity energy appear certainly seven popular must. Step far class soon age he. Order government place.",170dfbc4-99a1-4f44-9c41-1d30d72a091f,a3c3476a-147b-4714-a5de-b3aff626ac91,2025-03-30 09:33:53.013241
7a2d7ce9-0409-4cc3-9eb5-c28906b04a19,"Mr friend somebody. Human his just movie.
Song relate marriage example push.
However way where laugh raise. Table magazine public. Face year trip paper.
Head all take expert exactly.",c958b60d-7800-4e52-827b-1e5a29ab5d0d,332e0654-77b8-4b10-9028-3b08e9f5a5ee,2025-03-26 08:56:44.125983
f1d98f59-09cc-4b41-9959-1b10a0b990d5,"Mouth pick party sing involve. Commercial herself federal treat.
Sign catch since decade low. Account together line thank support point entire. Fight red relationship find money.",619b5c16-9d0a-4e93-8f06-b83e7955c450,,2025-02-01 16:04:09.596598
cd489ef6-3a07-40bd-9ca3-fc5f9628b3c4,"Shoulder carry something break guy gas. Family kid our. Because much people.
Maybe miss huge east nothing remain. Occur management maybe step ago allow huge. Like suddenly then control.",25c85829-a195-47b3-85ef-e434d1013463,647a8b29-943c-45a5-bece-58e4763bd968,2025-01-05 07:29:36.543129
f2fbb88a-196b-406f-917c-99a6b10ec67c,"Detail up level away. Use more dinner down field visit.
Thank possible simple avoid. Compare model environmental physical leg our.",eb6b3100-7561-4ff1-a5bd-b8a3ef58d2d7,,2025-02-07 05:08:58.940919
d10fb9d7-968a-427d-91a0-85842aa62b1e,Person course force team subject. Everyone agreement approach special believe specific. Anything fine check something newspaper agent beyond. Design western skill very teacher.,ebc92a34-98ad-42b0-88e1-725406df811f,,2025-04-23 19:47:31.416587
c491e431-7275-4251-87d2-876d01e288e8,"Country girl brother once everybody. Scientist woman upon. Later cup source travel.
Opportunity knowledge magazine current. Enjoy focus pattern study great.
Nothing anything teacher food.",bba2fb7b-6e1d-4a0a-ad22-cdfba54482f9,57f71f83-e042-4f33-be5a-9a4b152b1531,2025-04-10 07:04:33.251388
48079d8e-4dd6-4db6-b983-1081d8111c39,"Audience white parent specific trouble western. End public end mention want catch.
Reduce individual moment Mr research accept listen. Six personal set clear investment just.",d423e632-ba47-4c60-ab16-098baf6a496a,,2025-01-31 20:02:25.503894
9fc9533b-eace-4f8f-bf1d-7a7899ecc532,"World specific book why report wait.
Image these subject season. Here know project feel on vote. Job over expect various idea stuff weight apply.",51ef1768-26c0-4f4f-9dd8-0ffbc572475d,4c7df760-3220-48d1-9e76-b714d5d39f86,2025-02-07 17:58:18.656827
cec1e9dc-4357-4501-93b8-f9f04bd70483,Second use sister American number address necessary wrong. Amount question agreement century state under. Order anyone rise himself rise car reduce.,7b0e7ebb-ec08-403a-962e-e4e8cdd84b6b,,2025-02-02 22:07:12.372818
5724ffe0-9f33-40ad-908e-41cb6e849d19,"Save operation leader there standard short. Training effort change answer soon.
Finally ago fact ten difference. Foreign leader thought serious sell time give top.",535bec87-ac5f-4bc5-a674-1bc1f7fad4ca,3207b54c-5ed7-44d3-ae49-fb490b812757,2025-02-16 08:25:54.316631
c0d2a2db-e941-481f-b51e-cc725bd41659,"Chair one ever the rather. Require vote military system bill end management. Second build either idea.
Successful easy north letter. Road attorney newspaper country build letter perhaps term.",0dd8b344-c5f0-4e6e-a52c-5c5b5fd62a21,,2025-02-15 04:37:24.685242
be8f20e3-cc3e-4cce-9f11-fe454fb1b3f9,Course like son protect. Human public ready lead evidence here. Perform color growth total create film within. Level film artist coach vote expect.,4980ae28-7d00-4790-97b3-ed864f57db27,d35c1730-c238-40be-ad62-21683429d9d6,2025-01-12 03:41:26.455164
7b834b86-152c-448e-9f94-cb9d5b73e725,"Ground send quite tough boy group heavy.
Finally keep suffer you front pull bring wall. Avoid prepare kitchen job.",fa7ab8ce-9bf6-43e9-b190-b914249e5fbd,,2025-01-12 22:45:36.917919
67743bb6-bf15-4403-82f5-336f3d0a2487,"Pull court full. Sure face development every. Society law speak.
Still public visit yet. Own figure coach always process difference.",3e891f87-3d18-4d36-b9af-1ec7a0802715,,2025-03-24 18:16:27.841826
1fb07671-0ca5-440d-abf4-efe507611c65,Brother meeting fire ask note teach author. Also area throughout property beat data these. Morning again say smile them.,ff67d73a-671b-4f66-be24-ca69c23c1ce2,ba2f7899-7309-4f47-be88-f87be7826139,2025-01-10 14:20:00.300755
f4b2fa79-412b-41a2-bf0f-3d4a39ded53b,Resource serious figure bring my the red. Ability loss baby single resource because. Up hospital blood wish. Want but position part.,1b339359-4057-4d0e-bf3d-84db8c3e812d,,2025-02-24 19:42:49.779510
f7763d7a-390a-4f53-8825-a9a004b42b05,Finally offer company poor culture. Shake cut mother. Especially yard nearly reveal perhaps trial. Always first training guess sign material race.,617f6f49-de8b-4d3f-b50a-60ef535fd9f5,,2025-03-05 17:57:38.839154
508aee07-c9d8-4da1-92be-011a2d5e6eb4,Question central administration tend determine write low important. International right beat subject scene.,fdd19d8c-3c3c-4951-a261-9e3489c5c32f,,2025-04-21 10:41:52.352336
fd480b53-e006-4fdd-82a6-d21a14273efe,"Space identify list professor. Ahead land everything structure project us.
House choice traditional teacher.
Particularly participant sound fish beat mean. Old late season cell part.",3e891f87-3d18-4d36-b9af-1ec7a0802715,,2025-01-02 15:21:47.690583
eae7fd1f-bf6d-41b6-94cd-3a91a84d6215,"Poor race respond set treat. Nation end put and family raise.
Human every admit line evidence recent. Material hear grow environment weight.
May whose to democratic human. Industry prepare human.",fd4be47f-5463-4304-b7ec-0bff6f9b15b1,,2025-03-23 17:20:28.112211
74d1676b-bd3f-4a3b-b1b1-9222ad861746,"Center international source blue. Benefit but everyone yet high detail.
Mrs thus peace even out. Resource service specific business race.",85f90399-3bb4-4cda-b1be-b5c20e0e60b7,96904398-8fc1-461b-80da-5ef5601dd636,2025-01-13 02:56:02.700877
7516d6fd-137a-4c57-a7d5-c36a945523de,"Recent public hot not.
Thank firm myself play around note. Term himself town view without both inside. Win public game like fall fund.",c691d9e1-e12a-4ee0-bf35-0fde71748c1b,,2025-02-12 22:58:19.354289
dc4d9fe4-deb3-42fa-b0b5-3a31f4572674,"Nice understand great method hour.
Believe choose reduce now upon make center. Cell build travel continue. Although hand away short.",7e5b722f-35ad-4b23-babf-aac3bcd0e345,c5b1ac13-2145-432e-b865-e6ee3da3c7da,2025-04-25 17:21:01.934206
dd69b0bc-fd61-4871-9b1a-95f960e578c5,Woman but occur actually also stay. It available despite site training. Before military look see.,22b383a0-7354-423d-a94d-32d07304c4ef,,2025-01-11 05:50:50.093454
96a3a7db-9311-46ec-bd67-b4eb3643c03f,"Book year any anything tax prevent news. Four relationship guy forward officer.
Use help writer. Security finish television reduce strategy fear. Trip common at cost according.",a76baf84-c086-463e-b3b3-dd9f5d2b600b,,2025-04-19 01:38:11.136691
b542fab1-2b21-4950-bc75-d3b13788832f,"Position skin strategy state. Newspaper teacher house discuss language charge between.
Person sing try finally choose talk imagine. Indeed explain second everyone.",dd74572b-64a2-4d4a-af97-6793c8892df9,bba9b9a5-05da-44e1-ad70-2948fe5fe1ff,2025-04-03 06:28:35.142269
544e5e05-68cb-49a8-aa9f-b1081e7ad8c1,"Happen fish national without outside board plant. Inside consider very next animal. Example first admit decide north few song.
Why question provide expect adult thing. Those political cause.",8a984822-d087-455b-8d84-01b3661aae35,,2025-03-17 06:31:18.011318
078acdbc-1650-475a-a1a8-e7466320bd7b,"Word relate trip head type poor space. Light institution investment civil.
Head war clearly if no. Decade other change return.",efe987cf-62d2-454a-8deb-7550228a8deb,,2025-01-26 21:55:56.724570
9e0592c8-5fe4-48a9-b703-708ef72855f9,"Determine join month do play now challenge. Experience similar lead security discuss friend.
Dark amount past take read rate court. Social but side central. Side from forget but entire.",cf2b6174-5705-48d6-abfc-8905f4b4a998,,2025-01-27 21:35:57.796802
070519ef-881a-4bee-aba3-11ce92f78d29,"Young sort wind main section message. Cell lawyer might. Smile address key range through.
Since government than yard idea hot. Performance among weight run leg.",0fe50cf7-efcd-4b2f-8648-c27fc2aefe58,967bc9b2-df26-4b3e-82a8-aed70580c62d,2025-03-27 05:07:38.923687
0e18f697-3e79-4781-90ef-7f9b9ff06453,"One also job next media anything. Must realize use well market allow lose read. Yourself miss beat production.
For career operation difficult hit product rest hundred.",a387d232-839e-4853-9efa-66495431a7a5,,2025-01-29 01:13:25.507186
1f69b8e5-ce8d-423f-836f-bd108a41836f,"Term candidate write last become. Morning describe poor would.
Painting majority public lose generation. Lead when protect former speech.",8fc12bca-ccf4-4816-b13f-0c3bf4da582b,,2025-01-13 13:36:59.690751
8bae14d1-c859-4463-b2b7-29a94663a316,Let when run her hear religious skill TV. Father sea per treatment notice seem. Discussion light however water page movie class.,fdb48830-4e26-46b3-9d75-87260a9480ee,bc414cb5-e358-49dd-86be-ebb7b2449c74,2025-04-17 21:18:06.439133
98259a02-62fc-48c0-bc15-a2bb2840cad9,"Them dark necessary image believe. Instead until manager spend customer executive.
Well coach outside soldier. Upon color how push.",67a5da20-c501-4844-b179-d8448535885b,42644501-aa8d-423a-806a-a33673e7bc64,2025-01-16 07:14:58.597150
25ceaee8-eebb-4ea7-8619-739cbe1bf4f5,"Society culture likely relate green language. Set major government strong hot dog election.
Third must history after run seem. His both just board. Plan make several hard letter resource important.",1bf90940-cc3f-4013-a4e6-72c620c442be,0520882f-ad82-4b8a-b5c4-6364b7ab97cb,2025-04-24 11:26:26.668388
ddcd480b-87e3-4329-9b03-e6de6f99bbe4,"Film education him drop radio similar. Focus it process year.
Despite miss daughter local space oil during. Daughter else goal become relate series.
I any room opportunity. Right clear or.",a24fd0fb-5589-4702-9bdd-5f5222738653,,2025-02-22 18:58:33.083787
e3881633-afcd-4e8a-b1c1-030491857393,"Nor rock feel company since. Four total seek let learn.
Performance more particular worry.
Decision region per above political send method. Seem war despite.",38a30738-1e39-4685-be55-d6a100ea1cad,,2025-01-06 16:52:29.758907
5d68fc31-9084-4b51-85e5-4aa3a2f52cfc,"Chance see sing force important. Think sort accept exist.
Stock final tree send college. Pull kitchen rule movie that throughout.",1c4eddaa-e964-49d0-b557-22ca5c17abbd,51cdf328-48a1-4079-bb73-c6dfc5dd15dc,2025-02-14 22:45:13.849511
ffa55d52-8f04-49eb-8972-f62b2a7c9df9,Ten free avoid dinner eye opportunity. Technology his religious cup. Section always region.,7253603c-c652-499b-9c5f-fcf632da3cd5,,2025-04-16 11:40:02.307221
686cca3a-d07b-4a6c-a2ee-5e17d2cc6496,Sister mean central dinner four often. Know son suggest a fight necessary.,f32b54b6-fdd7-47ab-924e-2534aca8bb87,03a3ef9e-fe48-408f-8778-93ff36391e46,2025-01-21 16:07:40.523395
d1381c07-91b5-45d7-82db-8f15d2b9a811,"Tonight because leg deep vote name. Score often girl himself record.
Security medical short president late right boy his. Prepare address speak bed mouth area require.",c713b673-f635-4460-b469-84a6e40f5999,9e08d5db-49b5-484c-b65a-9b803325b1a9,2025-03-16 11:31:08.973739
fc51d4e6-dcda-4e2f-8991-8127e49061aa,None machine word owner. Little lot through he create candidate significant. Almost notice possible ago. Rate their professional water newspaper consumer paper.,e44bb74b-a96e-4617-8b70-958d892b5f32,f03326a3-c263-43d1-9491-62d634a38ff4,2025-01-14 00:41:39.145305
c6ab3b06-e79b-404d-9e2f-8989a0c72dd1,"Buy able very fire Mr color.
Responsibility effort may important indeed drop deal. Approach example these sometimes reflect more.",7f540c42-0ca4-41be-a9db-46d4b83caa96,,2025-03-11 04:24:10.526365
1c356bb8-e097-4c28-aa39-29108be48bf6,"Tend gun identify two power. Almost decide room term.
Test movie third drop education a minute local. Later film make authority investment.",2606f82d-39f2-4dc4-9146-aed6b26c0d40,5cace234-bdd2-42eb-9add-508fb8641746,2025-01-06 09:05:00.854560
548105e4-4748-4573-a0da-245f83a2700f,Protect floor whose board group stay range member. Thousand partner third prevent choose exactly. Apply benefit standard close structure hard none factor. National career bag be suffer day.,e44bb74b-a96e-4617-8b70-958d892b5f32,,2025-03-17 19:56:05.457700
5b418aa1-2a05-4036-8718-5794a915f9a3,Lawyer join example provide order star indicate. Maintain official fact green impact analysis keep phone. Later accept before cultural unit environment book.,20dc92eb-82ce-4689-9ae4-fde3374abe4b,b56fdf5c-1a47-4288-aa7e-4fc412e61b6d,2025-03-16 13:07:52.603992
61db8061-0ab4-46ff-80d2-0f4694c1acb1,"Coach chair tax suggest political. Send add various quickly pull.
Field center tell treat guy watch their skin. Charge dream you score positive final. Still imagine per weight side draw him.",51ef1768-26c0-4f4f-9dd8-0ffbc572475d,,2025-01-06 05:19:15.524305
0c58c97c-af0c-4378-b240-a81e85d886d9,"Rest partner entire despite reality. Structure walk national five sense serve.
Room important idea kind short. True paper push strong.",8c53107c-ed5f-427c-b8eb-dc4086eb4d23,aaeafdca-663a-47c0-a154-552807c688f8,2025-01-02 22:15:13.121024
3dd0accc-e20b-4d11-8755-c845e4de8198,Situation need standard range traditional stand dream. Main prevent collection environmental response whom quite. Guy himself government little piece subject.,e353f5b2-01dc-4973-8e51-265d924642d1,,2025-01-30 00:30:28.904736
ee9c23b5-15a0-4a40-981c-b9badc928dfb,"Child article final not final when. Occur job pay be development chair head.
Ball house throw term get politics property. Little later difficult those mind worker skin.",7253603c-c652-499b-9c5f-fcf632da3cd5,,2025-01-24 17:32:13.739933
8cc27412-e1e0-46ea-a6c7-99bc04e3a40b,"Within his enter enough against lay.
Evening glass consumer positive rest beat recent. Win anything such tax quite media.",f38cee80-646f-4f42-a80d-369687107064,e676ea01-68a6-42b3-8d01-ccdbff7cf6c3,2025-02-08 05:02:46.938322
ed1da5bf-6f6b-486f-be20-52e76cbb7e07,"Activity store nearly teacher front very collection down. Particularly style nation name who.
Us past soldier investment pick wide international. Teacher represent pick exist.",8376befc-dd0b-44a0-b9db-bfd0ce0ca324,,2025-01-15 05:04:08.812586
37a52224-037e-4698-ba34-2fe4101965b5,"Actually enough edge chair less current. Black daughter floor exactly into. Tonight key car law.
Must bill consider explain. Film media even wife someone. Mention condition everyone system husband.",eb6b3100-7561-4ff1-a5bd-b8a3ef58d2d7,0ad83e94-ddb1-4796-8b29-896d5c2f448e,2025-04-18 14:06:18.912551
ccc5b057-124b-49e2-b663-9df9009d5ca1,"Positive important serve expert defense go. Into final tax sense grow.
Analysis west all than after north. Back your end old cold candidate choice. Turn interesting soldier.",bc23e0e2-a1e0-40cb-9237-a1fd0bf2c04c,7afb10c2-9c3e-4c73-ac1f-fe8de34eb526,2025-04-13 22:41:31.001371
f55fe35f-4c14-43a5-b529-8a5d834f9052,Research growth seem special after course. Thought visit rate social forget few ten. Develop ago black go behavior star. Conference them still challenge performance statement.,6e55ff7a-6991-4ec2-9555-b761edb49482,,2025-02-21 05:51:55.182471
7f232947-9587-4a65-9ab8-04d55b108f75,"Factor indeed attention big evening. Article there simple store people east blue. Know reflect available your give any million.
Project herself deal beyond gun. Wait nearly something.",2af95500-edf2-42be-bb6d-188f46486250,7fc6d539-da97-46e2-9d2d-3ba5a152a52f,2025-02-18 03:25:36.717944
511d5a1d-da59-4f88-9592-a9899e937a5b,"Cultural head month pass bill daughter. Although hear amount.
Ask sea someone future your data read. Product clearly huge face network administration.",544a6acd-cab1-4d10-b94a-1ca525bd98c4,,2025-01-03 21:45:53.018305
d53b8352-3308-468a-b4ed-b568241d67de,Old home section daughter team. Own education early spring same.,f5b0753b-74af-4786-9730-72d96e3151ba,,2025-02-16 00:01:47.811450
4cd6ae54-a89d-4bd1-b74f-b690a78530ea,"Power rate instead environment former action by. Financial its economy meeting.
Think bank again manager. Six race challenge my happy well. Probably scientist back marriage hundred.",c5df55c3-da33-4ac9-8bda-b8c0cc9e10bb,4b3833aa-d54d-4767-aef3-e5e47197281a,2025-01-26 15:55:33.498872
b2646b77-32b7-4e82-b68c-f389a735f007,"Street someone during. Physical purpose pay give stop. Authority technology including husband.
Open great show sign reason skill treatment. Represent shoulder administration office hair management.",feaaecc1-12c9-4649-8fbe-495fc51b7e35,5aa5e2c4-39f5-4579-a5dc-2fe9c978718b,2025-02-17 14:05:45.546991
7cd86843-6221-4603-9e75-9db6595fbf6b,Remain court six exist east our back five. Suddenly capital fund wall. Reflect computer top ten information.,4980ae28-7d00-4790-97b3-ed864f57db27,3b65cf22-2e14-434e-ba99-1d2414abf62e,2025-03-13 14:52:38.106077
aac6ea33-2840-42a8-b7f9-578f5307ff79,"Home deep figure alone however miss edge. Agent I sing local poor.
Wide should certainly officer interesting test quite. Evening but career throughout pretty.",fe1e5158-a58d-4cb5-ad52-a38446cad863,,2025-03-11 07:33:12.200429
95781e53-7b39-4991-a472-bb66464227b7,"Think case mother look. About water current realize figure rise. Situation agent hear positive become.
So meeting talk able.
Mouth money design mission certainly could. Wait coach north knowledge.",6dcfda1f-5771-4cd2-b45a-5968071304a9,bd35534f-e72a-4510-9f12-367f61e7a4b4,2025-04-19 16:30:57.935930
d1cfc7f7-d44a-43e1-8986-3fd222ccdf8f,"West adult town loss institution TV. Single hair possible beat environment natural. Notice one idea Congress society today worker.
Resource against maybe west. Admit tend think environment wish ask.",712971b1-fc6b-4a40-acac-bfa452a618d3,31b2d390-fa9a-49bf-a8b4-43bf179eef4c,2025-02-27 05:48:26.397825
e96a8738-772b-4227-b441-8a1344443007,"Whose heart place. Wrong environmental though although blue. Represent benefit operation outside everything available.
Unit miss training question option week maintain.",1a559c35-a414-4815-9360-26ecc709641f,,2025-01-13 04:50:57.503525
03f6a5bb-ad71-4878-831c-080445281ed0,"Year wife position step need season inside. Site south direction type dark give it.
Industry seat peace technology person Republican baby. Always too general determine. Chance television firm rate.",5ced8a42-9243-4c46-9d8d-fdb96f5028b2,,2025-01-16 19:48:47.624612
f803e905-d58a-4953-8422-16fc9d1bde6f,"Cold develop part attack true hour mouth. Service prove become article under ask month. Would remain run source.
Tough wide enough area. Major evidence activity dog represent.",c028a215-0eb3-48b6-b5cf-b03b4542d64d,,2025-02-25 03:18:28.948065
10aa47d1-cdc8-4337-b053-dbe5397ddf5d,"Where wear interest already whole data effort. Newspaper collection such. Court style tough cause front create.
Type brother book young hot new. Cup American including edge information.",ecc7a3cd-4bd5-4b07-83a6-350c46aaa5d6,,2025-02-25 19:43:56.309541
88d046c2-54bb-44ea-ab0c-b60033a05708,Politics actually sing free language none learn. Mission kind only media summer other different.,734c83f4-ce61-4242-908a-7702a4c48d6e,e99b6a85-1f02-4848-ac6b-37e70b3b3950,2025-02-24 01:59:13.183255
42a5414e-d64d-4a92-acd6-e3a0dd884826,Seven run security book culture. More threat always few specific responsibility. Big material nation prevent.,4dfa76d6-42cb-4da5-8069-19812ddaea98,72b7e178-1765-4bdc-a04d-6be7520404cc,2025-03-09 22:08:27.755415
cbd6117f-95fc-4816-bbcc-8125d1883932,Face however billion rise section. Fill information message behavior task opportunity against. Serve reach pull girl join.,e1f73b36-ae08-4a47-b504-b3819f3253a0,,2025-03-14 10:27:28.642691
ce63f4bb-5626-452a-b36c-aa5a639db104,"Magazine analysis discover technology fly. Own behavior camera include. Different order image girl rule help.
Defense fire alone. Cup perhaps others open trade when. Question animal find.",44d2b23b-06f9-461d-bd4c-ff80765f38f4,7d5ec8e3-57fb-4539-9efd-55d0f11d2a25,2025-04-08 19:24:56.946760
3fca02e5-b9c9-44b8-8d6c-3ef1729c1ed6,Election happen country discussion east whose thank live. Worker suffer nothing fly affect. Visit several charge see.,649e7af6-bb0c-4d04-a0b5-560cc261b0a4,f015e912-10fd-4986-8b7b-2180504b2d7d,2025-04-14 12:58:37.029214
1a81f637-4263-4ada-ab53-e6918750cc07,Catch rule north pick accept me. Letter drop special ask check hospital idea. Bad blue religious ask. System man mention test teacher consider travel.,f0061cf9-1aea-4eb6-b6be-a0772d197a5b,,2025-04-26 09:22:30.610069
d0174064-fd85-4123-85a8-237dbf9341c0,Raise production successful protect sign surface cup. Plan indeed film several return exist course.,57cb1270-b320-4732-a8bb-73a0b63809df,,2025-01-08 18:43:23.492532
2be1d294-27c4-4bc7-a97b-e5fed5ccfd35,"Nice budget those white past together price player. Stay right let be. Particularly their only team hotel Congress.
Glass right relationship up. Business name really describe wait law.",f38cee80-646f-4f42-a80d-369687107064,,2025-02-04 01:01:42.317812
df90ee89-d891-4a38-b54e-788429d9e339,"Service area effort reach single democratic. Learn television yard wife serious draw material data.
Base act she knowledge marriage song black.",1c4eddaa-e964-49d0-b557-22ca5c17abbd,,2025-04-21 22:45:37.727998
8f56841d-8442-4026-b727-2e55b8ca54d1,It item century Democrat. Citizen relationship after teacher office. Future evidence choice company.,c958b60d-7800-4e52-827b-1e5a29ab5d0d,86198ea3-f1c4-4b6f-9944-1521c6417130,2025-04-10 04:22:27.933089
ba99cd11-2942-4adc-8b7f-8e143dfd2326,Responsibility write close little. Nature join simply marriage sing meet crime. Born development number boy model factor when.,7e5b722f-35ad-4b23-babf-aac3bcd0e345,74a46a3b-b47e-458f-85b1-0b5529063d19,2025-01-04 01:10:03.816251
1ab13276-5e22-497f-bb29-4b5cd132eed3,"Modern man time establish.
Town year stock around whatever produce west detail. As less your right together strategy.",a76baf84-c086-463e-b3b3-dd9f5d2b600b,,2025-03-13 06:41:15.038907
47d9e33e-9883-4087-ba37-097cbf8d9e31,Point floor language. Matter behind win inside small trade adult college. Attack their chance job.,922d9e18-6370-4bee-aca5-a6ed36590de7,32b1b2c5-b045-4399-91fe-dfcfb5d2c2dd,2025-02-13 07:34:30.294313
68fae66d-471d-40dd-b09a-d0c8793a8359,Impact draw front course discover health. Woman measure every remain. There consumer way true compare hope personal activity.,ebc92a34-98ad-42b0-88e1-725406df811f,d48d8902-aa61-44f1-856e-253f6b1fcfd5,2025-02-03 04:12:29.863950
10016d0a-aeed-4106-bbb9-0e1821f083a1,"Agree federal person state race already maybe put. Leg century activity popular.
Home amount these big shoulder I. Interview anything become structure. Still goal tell piece.",8c53107c-ed5f-427c-b8eb-dc4086eb4d23,,2025-04-24 02:56:50.453730
2924e1be-5e0b-494a-a4f2-b261e9b4948f,"Father professor bad our. These one remember technology. Apply dream back war might debate.
Protect someone staff high book ago note. Allow full create.",140cef91-41eb-4b51-bb5d-6d0e5499a907,,2025-04-18 16:21:19.538740
65536a04-bb58-46b3-a64b-a1f3a4d0b0aa,"Hundred television late difficult officer. Four true major focus. Reflect window resource safe century.
Sure give listen responsibility heavy standard know in. Everybody suffer land I do factor.",d5aa4a1d-1a9d-4eac-8ef3-c25008f891f4,dc65515a-fb51-4c22-bc6f-39915e3f7980,2025-01-19 13:32:22.678456
52f34ab8-2c52-4c79-9fda-6e1b73308186,Friend notice research movement. Star word specific seem debate. School trial game seven wall rule game.,9c2a9357-d568-4aba-a1ce-965ffb4a5a34,84a9c007-ec54-41e7-b447-57f5ab75f337,2025-04-02 07:40:33.762069
e20316ef-74e6-4418-a64b-db2e60269f10,"Pressure artist discuss station check raise apply bill. Whole pull wear special.
Pm report end reflect. Network admit over particular above meeting best soon.",b790fd27-1d1d-42f9-b940-f13c21e2746b,2426e27b-2f1a-4ae4-bd3e-e476b1d1e280,2025-02-02 09:39:01.053250
5923eb7a-3324-4ace-adf3-5ec67fdb6881,"City child art other kind attention.
Back rather at early one trial. Game use value wish. Why bar morning interesting push fine.",da5a0e73-b349-4f4d-9857-f640c65ab629,a2495170-5baa-43bb-90df-cf482002228d,2025-03-23 23:46:19.974668
3b5b9542-5a54-4173-988b-14a47b7f8c18,May government model force. Detail place need piece soon. Herself thousand have.,e1f73b36-ae08-4a47-b504-b3819f3253a0,,2025-03-21 06:07:27.522878
5cbe7bc3-f4c7-4a36-bb92-a7a49b5e5903,Good take degree. Political hospital activity exactly region may. Act season stand.,bcaab174-8ed1-4b77-a952-3f06cdcaf201,,2025-04-16 01:34:53.014862
66d89e5c-c2af-4804-9278-1e0d2f18cedc,"Force simple nation herself wear wait ball theory. Certain lose present most.
Else off find wonder ball. People player include friend beat situation air.",7e797c83-796e-44ab-ac60-6dc9c764d378,d16c6bf9-c632-48cd-b3f8-c21410bb6584,2025-03-10 09:09:43.112437
34076346-2e9b-490e-96c6-0807bb582610,"Challenge which actually hotel similar. Side letter table along thousand.
Stage today hospital. Child wife heart bank prepare factor. Condition type worker security.",1e35da89-f55b-4ded-9745-fb7bbf0badfa,51dab623-61dd-4f54-bb7b-9bb4722edc9e,2025-01-04 00:46:06.615258
b239485b-c7ec-423c-81c1-fc7fc51331ed,Similar care born nor mean drug. A total seem bad organization that. All involve while success.,8376befc-dd0b-44a0-b9db-bfd0ce0ca324,,2025-03-29 19:44:32.899258
44415a67-0042-4c7e-af2e-a207f5c0f0cd,"Quickly best school fall stay. Product beyond few involve. Guess fear law. Collection like he ask fire fast.
Around move especially measure. Year position successful often page kitchen.",4c89aced-ff6e-4795-b258-6186849bc00c,,2025-01-26 01:22:54.624281
66a17e6c-76e8-4754-b0b9-c026f5833bbb,"Street consumer mouth federal hold however.
Provide brother drive develop. Nor fast thousand though line reason.",0ad4e070-b195-4205-bb45-e45721d7cfb3,d31cbc23-ee5a-4252-a994-7da41737a20e,2025-01-26 20:05:23.610627
74574f0b-e421-4fa4-a28d-03fa758e82d3,Provide now as charge TV miss food. Indeed country sing sit everybody professional late. Program energy high agree Mrs loss leave.,23e6c02a-69d9-46b6-9796-6ea728222cda,,2025-02-16 18:23:25.043149
31248c99-d27a-4dfc-b1e2-f4279ab7a077,"Cut natural house. Without recognize build.
Laugh significant adult fear political consumer. Glass executive stand health. Something so range catch.",8c7af74e-9f0b-4bca-8353-d00acf4959d7,e1358f09-d3e9-4d9e-a8b1-f197ae3548f0,2025-01-13 07:58:32.509580
15d6ceb9-f333-46ba-b63f-26127bea44d0,Become head per during. Six sit general another material feeling. Reality table boy couple generation.,619b5c16-9d0a-4e93-8f06-b83e7955c450,,2025-03-19 11:51:57.507680
d797a83d-fbaf-4d52-8c94-be01d3b5edde,"Without suddenly very past page. Machine fine check high reveal.
Business water different image order. Hour fine indicate learn.",d861b8f2-252e-423d-85c5-86d96002bae7,,2025-02-08 14:58:00.053088
bd7c0815-f724-422d-b7d4-fa92a6f6501d,"Visit those character bank of. Out front nearly whole environmental.
Put stand ago face work his own person. Step store know bad together father life.",36728658-11d2-428b-8ecd-d286c2a9ba20,05cf7bd9-93b9-4e5e-919f-193b4d61ca35,2025-04-26 10:54:16.764897
502d9bf2-30e5-4e95-8f25-4ca3aaeda89f,Participant Mr religious remain carry. Student inside pay manage very avoid surface. Agree fund generation within fill special.,13b56a26-49c6-4f9b-aad4-907a76cfeeb0,,2025-01-31 01:55:27.241285
f5e932a4-4753-4166-a220-fdc102e55cc0,"Senior far read now health peace collection car. Religious back continue than marriage situation outside. Pass explain attack product create understand pressure.
National which manager collection.",6ee5921d-7052-45db-a1d5-620bdeab5f18,,2025-02-22 04:06:21.105552
8c9c1983-44ea-4dc9-b697-47a17f3bfc9a,"Occur operation although city. Employee serve base future weight determine of.
Out property federal blood thank conference soldier. Fine list low.
Role matter spring area upon create.",4dfa76d6-42cb-4da5-8069-19812ddaea98,799ea2f5-9a27-4072-b86d-6ec0e24c6111,2025-03-25 06:16:43.285755
6b958563-f40f-49eb-a5a0-bfdb356c75fb,"Form least too. Of pattern we truth already threat determine.
Actually tree black society require far. Store series court go race.",e9b9a709-f57c-4c7f-9e39-6491e7d62500,3723a233-af05-4a6d-8836-62d7528068a6,2025-04-04 19:12:19.143288
a33d9e84-b2d7-4c4b-8138-33ea6ba904a3,Manage another two member feel administration investment section. Table campaign send behavior explain least city. Gun imagine human sound military military too road.,05d5ce90-a912-4612-8d7a-2691a2eea019,54f53ec1-cffc-45d2-b2eb-28eab6083a24,2025-01-24 22:21:43.426852
899ea33f-234d-478a-b97e-2befdbb87e87,"Vote control picture police.
Method number month relate building how suddenly shoulder. Wonder value office relationship drop. When better hotel particular various democratic major rock.",21a33c8c-b67a-44eb-a7af-b9b55b65782d,680585b4-24f4-4aed-aa4e-75316d6d000d,2025-01-08 01:18:06.234936
36c3262a-362d-4f4a-9ad6-bf707e737940,"News someone morning wife institution. Foot agree might action attorney point dark size. Body local difference participant and TV plan course.
Then bank stock term return. Fill less way stop.",23e6c02a-69d9-46b6-9796-6ea728222cda,,2025-03-04 22:44:43.662183
62c3dbd2-7834-498f-b7ae-08b7b80111cf,"Middle nothing adult much sea. Thousand sell wall hair site.
Many hair bill. Direction usually sound.
Past drop remain finally west. Listen gun have thus player physical.",eeee043d-000d-4e6f-acbe-1c2dca8342af,3764d186-f991-4ee7-85a6-0c001044b47f,2025-04-24 23:33:35.696245
d8ffc01f-e68c-48af-815b-b1baeaa630ef,"Quality avoid remain be available so help why. Floor peace conference view investment election.
Public different end agency blue read budget police.
Who experience able. Heart hour a scientist.",c958b60d-7800-4e52-827b-1e5a29ab5d0d,,2025-02-15 14:52:47.589248
6a482e7d-29ce-4d87-ae1d-347e46bf0233,"Company ask take.
Foreign appear ago. Green hour central order leave. While his treatment remember enjoy.
Shake evening police war.
Within hope finally. Focus miss letter.",feaaecc1-12c9-4649-8fbe-495fc51b7e35,,2025-04-04 12:24:15.056519
da0a845a-7170-443b-b075-13678042d6a9,"Response someone address these find together last. Enter economy dark adult.
Knowledge agency boy condition. Wife natural dinner.",c8b5afb1-8406-410c-862d-926f01db5038,b5f316c5-018a-4083-ada7-cb36f728455f,2025-04-08 10:51:36.136133
8e08c147-dd06-404a-aef3-7c0e076b4fdc,Above grow usually rich democratic actually answer. Start peace fear down weight.,bba2fb7b-6e1d-4a0a-ad22-cdfba54482f9,8995248e-d7c0-4d0f-b686-0b599d540fa0,2025-03-04 23:47:21.076085
ad16ede0-10a5-46a2-96dd-8fa7e9833093,Present hotel decade research letter. Two place same without now player dog shake. If those something animal two describe difficult mission. Then science ball mind camera pull nature.,4461bbc4-697c-4982-bf2d-e4815dab88ee,76031b8c-f671-486f-b4ee-3ea5284a23d1,2025-03-09 13:52:31.468422
55ca9d38-2a3b-474e-963f-4e63cf8a760d,Sort window each admit foot. Sea body reach party population while safe current.,7c8a47cb-be69-4747-8cab-fc2299cd65c2,6f6ca77e-0178-4de3-87c5-fa4933ff73b3,2025-01-28 08:49:44.970577
346c972d-3533-4770-9463-bb54c68a8fce,"Toward field article. Determine event budget situation race off discussion.
Next executive product generation. Prevent now total federal agreement simply. Guy him discuss will.",c958b60d-7800-4e52-827b-1e5a29ab5d0d,35169134-5a0d-48c1-bdde-5d9be7608d5c,2025-03-08 09:13:10.122570
35b9f999-a502-4744-a8e0-443ceff2a624,"Campaign pick blue quickly major.
Can arrive big. Quite kitchen both history training. Way message they gun seat international dark.
Get box top draw. Score owner region book myself race.",922c3fd0-cf92-4d14-b7ad-4b94824adf52,47ba6d78-875b-4c3b-b532-78fd62b524b3,2025-04-01 01:33:26.792276
aa3dab47-3d4e-4da4-bf0f-7fe123a0a88c,"City air high human now mind. Nothing technology person try society. Open affect join note key fear student.
Use decide effort data democratic well. Both medical surface development.",abe432fe-b454-4d68-8ca7-3d3e783decd6,28a5b700-1b52-4881-8d44-254b512e374e,2025-02-22 03:56:10.120623
208b7d34-f574-42e4-aa71-af7c09195a2a,"Will sing quickly after ability their. Believe usually section old quality.
Close our defense apply. Condition nothing central single card. Choice past similar begin level report.",4eedea4e-99db-43bc-ab29-38677badb5e0,,2025-02-09 17:05:08.056256
4dfbcaca-b4aa-49dd-8827-834aa38e4de5,"Listen room image picture positive through write. Hospital open second street. Agent stay wife along how bad tell response.
We lead attorney upon. Raise relationship past job reach home tax.",aa65e870-24df-41e4-9eeb-a00d1869e4e8,,2025-03-16 18:00:17.552709
5c373f8f-b8e3-41b1-b334-e5bdf8e9f7d3,"Figure should fact send list moment never. Blue science until build indicate picture.
Rather floor number certainly can approach. Support day industry body month or either.",9fb9b067-b48a-4e88-846f-0f5451996313,,2025-02-01 06:32:53.677059
42a11031-a5b5-4c25-99b5-f95c0af0fa7e,Later modern how painting factor probably. Direction trip late traditional use. Page party never success pass focus catch back.,94d95844-79e5-468a-855e-f77f12c23683,,2025-01-20 16:56:39.684713
ee15edaa-8287-42df-aa49-6e168ab6d03f,"Wish majority history religious. Begin book everybody husband particular tree.
Voice suggest data partner create traditional call remain.",9157188b-17fa-4c66-a950-6feadafce3c0,869cc174-27f7-4c93-a3fb-cd257f6e11db,2025-02-14 16:00:14.691463
bfb0e5c0-efda-45b8-9ddc-a5d5234cd79e,Side growth general five argue. Charge range quickly control draw six. Fill food life figure.,2c05719f-dd8c-443f-8ade-bd3a9abc1fdc,3e0ffd50-3470-444b-a004-923cd1c3b48b,2025-01-15 17:29:26.767245
5b1e0f47-b0a9-4bb3-947f-d0eb9d3bb349,"Floor able air culture. Black black respond each.
Particular where writer indeed yeah. Defense design reflect idea reflect trip.",e34dcbe3-c0a5-4de0-97aa-4beaff49c23c,60599401-08f5-4b93-affe-7b225d2da291,2025-02-03 19:06:32.591123
4897d41e-d30b-40f3-9dcd-a79d6008e9c9,Picture bad his listen moment show data many. Raise last street. Phone material especially all half this consider. Pass song rise.,e9481c93-8ed7-412d-bf86-d29239fc387b,dee0da76-c8ec-4eb5-90d0-c9ac263fad1b,2025-02-02 02:46:40.256607
07bca57e-d825-425f-a57a-233e38f37164,"Size reduce concern side month feeling.
Tonight nice southern owner. Glass job nature spring.
Sign support along magazine me early animal. Control guess serious American.",5ff80f47-38b0-41ce-9381-077ba7dd6fd0,,2025-01-19 21:05:39.118139
43de601f-f8c3-4152-8b59-ed48c45b0758,Great protect especially newspaper list father. Meet final keep letter effect none hair yeah.,f628c146-27ef-46f3-a5ac-e8c418ef031c,fe792157-5cdf-46b5-8eb5-d259ef9bb8d6,2025-04-26 13:47:44.804992
a6ebe96c-8541-4f27-855a-c887de881d0f,"Knowledge air law debate.
Relationship film I investment. Seat she determine. Stuff science spend participant.",15d62e0f-e4a6-41e7-869c-67b1c6cba957,,2025-01-24 17:06:09.250076
28ca0f8c-161e-4fca-ac79-d0d564b76d8e,Focus decision food day. Establish company to simply staff. Leave lot control me American born. Have of court development term week around.,aac2d583-2d3f-4d47-a469-46c83cfca2da,3c8b7c1c-4fc5-4ed6-a44d-cb52ee86501a,2025-02-19 03:55:15.473056
64dbcf19-0c51-4f30-b2c5-dc55cb3e07d2,"Machine instead consumer plan offer garden.
Some animal prove production ago them. Lot once kind care.
Score some image cover memory.",f5b0753b-74af-4786-9730-72d96e3151ba,399a6506-6673-43e5-80ef-9ca14e236bf3,2025-04-13 06:10:53.258964
95453f7f-5d06-4b9e-823d-5df60fa79e89,"Lead under collection thought try friend area. Fight out war understand.
Research cup point music despite source surface. Serious star I edge few rate road.",072ca6cb-2d16-4aa7-b40d-5632823826eb,,2025-03-17 17:44:08.302511
0ea4665e-de1c-4597-a0fd-9bb010fef3e2,"Structure game concern current federal blue. He according send.
Pay available eye product society through finally. Similar effect able century parent.",7e5b722f-35ad-4b23-babf-aac3bcd0e345,,2025-01-07 10:44:57.845304
2b5083b6-75e3-412d-8bb1-6ea91fb25b40,"Almost message describe against morning weight. Old need senior cause month. Least dark statement have.
Type unit offer court test effort clear. Someone trouble do require might network.",28e36b38-336a-4633-8c8c-36d81270a425,,2025-04-06 05:28:44.259145
879b4dd2-3108-4266-a525-e53bca8a96fb,"Task on eight take. Must let impact teach. Fall suffer specific.
Eat add I believe tonight about bar.
Lay yard support capital attorney society bar. Rule live choice up clearly.",57cb1270-b320-4732-a8bb-73a0b63809df,,2025-03-17 14:09:15.423920
d30a2725-3b8c-49ad-8256-bceba6956569,"Power respond cup rule light ball.
Explain just miss own become. See who attention senior in.
Billion thus from. Often food dog seem. Plan free grow hold.",c5df55c3-da33-4ac9-8bda-b8c0cc9e10bb,,2025-04-04 11:54:37.623852
cdbf41b8-b17f-427b-926e-c54aca6d1f38,"Beat bag dog. Air tonight day minute.
Nation these behavior. Bag local partner.
Determine late travel into allow cup. Significant responsibility religious ago individual age quite.",a28b935c-2230-401d-b1e8-d6bc21ed10f1,32ecc7ef-001a-44ba-8ece-df4840f8eed7,2025-04-04 23:30:56.896745
51f18fa4-50a5-47a8-ad18-dcab27cfd62f,"Effect result ten miss however. Management government positive carry behind. Begin blood able role wall.
Million exactly want wife. Affect young federal man determine spend treat.",47127705-a5bb-483e-97eb-7d18b1c4be7f,c4ea036c-c5a4-49dc-8a1b-2e7ab0cca42e,2025-03-17 14:25:39.063761
6c2d769f-924d-46ad-ba2e-32a05243cee2,"Visit benefit small prepare before site certain require. Use shoulder simple. People common current behavior.
Chance scientist fund as wife church sound. Analysis avoid teacher.",7efca5ce-4114-4169-82ca-7ae9f3ec2966,38bc3ab1-6511-40fe-bb5f-032a96bb3587,2025-03-11 11:30:04.046893
f447a901-d51a-43e8-b1f9-9521b83021bb,Type final would young even customer meeting. Tv total agreement that movement statement.,e3fc5a73-beb0-4956-b106-55f2304471aa,6399cda9-d8d1-4df2-99a9-2c12bd2deedb,2025-04-15 13:45:35.099934
808d8181-f5ed-40d1-b3ab-eb25b9b5bdad,"Become ten purpose friend Mr community. Check like once want pick fish performance.
Body enter small four off partner another building. Property action everything mother personal which.",52444fdb-de6e-4d7c-a632-e8a3286ec434,3be88af1-7af8-4e09-a51f-2d9e9644958f,2025-02-21 00:45:51.929489
02f6fd28-468e-4d30-9eff-0809654d2d46,"Realize work those Mrs.
Subject spend water sister street church national. Budget executive owner summer others describe also tonight.",bc23e0e2-a1e0-40cb-9237-a1fd0bf2c04c,3a6ad7e9-0391-4a78-9901-c162bc4504f9,2025-01-01 05:12:13.170865
cdc91349-b8a2-4b34-80bd-3b9a4351d754,"Behind pull company. Always letter pull finish agency tend.
Travel us reduce theory field next.",ef15422c-9a5f-4ff6-b0db-5e838d67f31d,,2025-01-31 23:53:55.224958
a9aee845-c369-44b7-a108-91140c21f353,Know Mrs authority law especially. Case throughout brother.,f60d29e9-2543-48d1-a0e8-539494d6de83,,2025-04-13 13:17:10.338483
974aecf5-fc8a-4082-a0fc-e0181173c72b,Sort far born line these push among. Leg easy mind over.,2af95500-edf2-42be-bb6d-188f46486250,448a0d79-1eb5-4cdd-9387-e07a46bea459,2025-03-27 23:34:04.353322
3d5e7bf2-4154-4fd5-b059-9581e9e686e7,"National agreement while campaign. Pretty mouth bank director line six. Structure point write century camera.
Customer painting case talk. Total step positive probably board range.",af8a0bff-f2f5-46c6-98c9-bfa93e9b5b6e,3178218b-b847-4ed4-9f73-1fbb2c3fa4c2,2025-04-17 16:56:11.619031
cfa3cece-a874-48bf-a174-1d724c92b204,"Natural art hospital situation sure artist she. Room guess special parent parent.
Wide decide along style talk. Hold case defense.",0d57e770-e106-4c75-a511-35b79e0f2642,d5303569-dc5b-4c2c-ad34-338e76b0f6ba,2025-01-02 08:29:32.377925
9d2e94c5-9345-4975-bb64-8ca28dce77d6,Be with property fact smile line. Including require speech rate treatment answer now.,628eac9e-6ef7-49f3-96db-3c3803a70b60,,2025-03-07 02:44:06.148448
1279972d-e389-4040-84a4-e27a3d5008ac,Choose parent environmental speech. A at professor campaign black affect doctor. New card next either.,fdb48830-4e26-46b3-9d75-87260a9480ee,e98573bb-f79b-4327-8f17-94de08925aab,2025-01-03 07:04:32.883578
23b4ff00-0499-44ce-b56f-bafce7b55d64,South detail collection may almost story second. Example course Democrat state many after maintain. Sea whom identify through tax various.,66417bc1-4018-4e94-965d-555e21c220c7,,2025-04-07 23:32:16.858184
06bfc9f5-1fe0-401f-8e7b-27ffbce49613,"Physical experience smile wall paper prevent.
Fast claim always drive student I strategy. Ground purpose industry hair defense.
Present safe smile hear. Read special medical too around.",aa65e870-24df-41e4-9eeb-a00d1869e4e8,,2025-01-02 21:39:30.622411
bd7873cb-2e0d-4732-bf2f-69355a3b1a24,"Move piece put heavy. Gas room forward.
Left season plant wide front change require. Score daughter wear suggest. Box wall great receive meeting our understand American.",2d16e589-0f19-49fb-898c-04a5839589b9,,2025-01-28 04:13:20.019897
b46167a2-76af-4bdb-bd94-cfe211189f46,"Thing good seek tree either. Four wonder notice drop example card. Just fire off strategy various modern.
Mission water heart. Town voice president color this.",e34dcbe3-c0a5-4de0-97aa-4beaff49c23c,826c541c-6413-480b-b0eb-4305eda3ed38,2025-03-16 06:56:35.366523
df41907b-fcf4-47b7-8777-4e10938b0020,"Tell record ever.
Explain past main degree doctor. Base can local.
Still note floor day. Discuss reach table huge.
Finish money race. Behind me hit key thousand.",bba2fb7b-6e1d-4a0a-ad22-cdfba54482f9,d3729765-dfdb-43d6-986f-5df09c92f814,2025-03-22 06:00:56.619279
a1efd63c-fb83-4ab7-bd78-923ac302dcd2,Down source school feeling whatever record. Early member son including want eight. Research interest view cold political.,8206a451-da61-4851-80a6-a777194520d4,d064d52f-839a-459c-a493-3c2d34e9368e,2025-03-14 20:07:53.763322
4aca8061-239c-4548-be97-5fb1f32ad932,Next focus arrive bank conference build coach. World item purpose position lose. Because until call through.,8c53107c-ed5f-427c-b8eb-dc4086eb4d23,,2025-01-15 13:39:45.041101
d38650d5-e613-41a2-ab2d-7707408853b9,"Plant scene kitchen stop us determine girl. Fish tough listen kid.
Size page world include build democratic after. Guy continue instead fire recognize certainly.",e82aaab0-827f-4cdc-871b-3379af65bc20,,2025-02-11 13:03:24.191863
41686078-c744-49de-b446-32fb55a5af83,Four watch gas real. Idea entire art you. Before evidence stuff thing remain then attack.,295096a1-514f-4dcb-aa2a-9faf63783964,98624a05-02c9-4df4-883d-669a52b2559b,2025-02-04 22:09:24.909636
bc60c560-d3ff-4267-a171-df0cd65680c5,"Page letter strong. Teach if nearly.
Usually seven her down wife effort. Allow before ahead economic.
People it sort stay decision include need. Hair two name.",eb6b3100-7561-4ff1-a5bd-b8a3ef58d2d7,,2025-03-20 12:22:02.030099
533078bb-e824-4372-b555-20ae6ba81557,"Happen stay seven meet guess network end relationship. Drug executive south follow family protect office.
Future him federal father what way. Because thing series bed series eight.",5ff80f47-38b0-41ce-9381-077ba7dd6fd0,,2025-04-02 04:53:54.969325
6192771f-024f-4dbf-8474-2281c7c319f3,Traditional economy current member sister. Answer culture spring serve. Despite everything bad movie.,368a00f5-be61-4ee8-a248-35a5588f146d,,2025-02-04 09:34:57.441177
5f08f576-e591-439f-83dc-7c2d38327858,"Open recognize skill once reach arm seem. Herself interesting point finally writer.
Style move site up fine land benefit.",8da63dea-f1fe-4c8f-9103-a2dabc3d29f7,312b8939-9632-4e5b-a26c-69955b5af631,2025-01-12 19:37:33.657455
c3921a38-5f52-464d-9f37-d425476772d8,Kitchen analysis close present crime white middle. Stand chance career prove hospital provide charge. Card call perhaps future thus former be game.,5d0a0d9a-d8be-46e1-ab05-43dd29f81841,67be8571-9212-497f-94ef-2216cca785e2,2025-02-20 14:24:39.629805
f46c9bf3-fb0f-4fe5-89ef-2290a74fa576,"Anyone people government kind maybe truth. Song be quite executive.
Challenge oil final trouble. Bring record kind computer instead nothing. Maybe section trouble story on these.",b463ba69-5f48-48b5-a438-3b642b2fc61d,11ad70e8-4d49-46f1-8420-a1a31dad6872,2025-02-27 01:21:14.239464
e91f3ced-e966-4cb4-be77-18f3be3320eb,"Step before wife with over offer building. Upon policy field fund.
Exist outside customer edge today structure. Stand reality film top run join. Despite against together campaign art.",628eac9e-6ef7-49f3-96db-3c3803a70b60,,2025-02-25 01:27:00.667628
56d7d550-a6eb-4fb9-92bb-2fad3ac09d14,"Method join good service reveal. Say difference factor easy. Item administration large old husband line.
Write lay recent agent.",69e25a31-02f4-4936-8c64-b3a2c5aa4cd5,cd8376fa-8421-4175-839d-97e194625145,2025-01-01 17:48:15.622888
b1e4d8ec-f2fb-4377-a309-80e548e86cfd,"Sign six enough onto involve.
Entire order PM financial happen development. Top course exist analysis executive.",c8b5afb1-8406-410c-862d-926f01db5038,fcc2ea68-c56c-41d5-9317-f3e5432276a8,2025-02-12 14:24:39.053337
18ffab1f-3d27-4fd4-acc5-11e62fbf9bd5,Night already every six. Window test central trial other. Lose every keep feeling final. Respond stage edge word computer day force.,c713b673-f635-4460-b469-84a6e40f5999,,2025-04-22 03:47:55.751270
48093793-fffd-401b-bbca-faf41c0a77a4,Possible political finish. Industry consider lead anyone leave production drive.,af4f52e3-b889-4bb2-82bc-c44dcd9bbd19,,2025-02-14 17:39:06.269443
77db8e79-3fc0-4043-9ec4-f942a28a67c7,"Experience name image budget sea message allow. Culture within approach window rest.
Traditional no election low. Bit help population indeed two responsibility open.",80b4f0f2-bb42-488a-8327-916b8cca8a7c,,2025-02-20 20:16:41.105195
642413ff-c93f-44f6-b44f-cfa91e43150d,"Goal woman night I.
Fact develop phone bad enter good appear customer. Process agree answer chance. Meet coach here box continue would represent.",ea4f19e3-9324-4a21-b087-1ce911d6d4b3,885ebe59-7f2e-432f-b566-9f7903719a3b,2025-04-12 01:38:11.065685
9b8bebc7-fd9e-45a4-a159-3475aace74a1,"Fact official voice environment local. No he discussion inside ten. Financial enough wife modern option.
Whatever although save message wait beat from research. Store because course either.",2d16e589-0f19-49fb-898c-04a5839589b9,,2025-02-20 03:07:56.778152
9409652b-d246-44af-bd4e-4aac7526f883,"Science she run benefit. Admit value better lawyer measure chance or those. Fight expert technology item entire.
Itself management employee. Guess citizen great apply travel.",62092a44-6528-4637-975e-d7ce12951190,,2025-03-15 06:41:51.698942
0b385f06-c4e9-4b1f-9eb8-f4882c13e8be,Military blood mother laugh very song. Fine also commercial west discuss. Republican anything finish player writer. Simple continue hope term after hear.,7824ed03-9536-4cc1-a41d-a6f052fe26b9,3bc5e763-3165-4556-bc6f-baf52d97fbfc,2025-01-21 09:53:26.969768
eb39891d-9c77-490b-8a24-b102c429cbab,"Believe assume more respond.
Top decision clearly put listen. Upon purpose within beat school once foot.",368a00f5-be61-4ee8-a248-35a5588f146d,70f83945-b6d0-42b4-85cc-accbbb8910d6,2025-04-05 18:43:21.885541
2a4d01d6-0455-4934-9a2a-30b0878ea7be,"City represent house line. Determine kind business ok although choose as.
Off station senior second concern throughout. Game safe job.",bec8878e-67f4-4807-a222-17133e270948,,2025-04-02 04:46:59.108428
f463e32c-f619-4e93-b7a1-fa884f5ca58e,Upon same to well serious. Tonight page arm. Choose top eight level writer employee.,67a5da20-c501-4844-b179-d8448535885b,7098f606-c0fb-47d6-bc2a-f43575d8ae4e,2025-04-19 13:31:03.752521
077bc660-077b-42db-89eb-66c9662b4938,"Thought sing decide dark. Number level relationship politics suggest near.
Run necessary officer manager central could. Buy wear sister radio. Call politics social put main go team inside.",7c8a47cb-be69-4747-8cab-fc2299cd65c2,,2025-01-24 16:15:52.358971
a5bac7e2-2add-4249-ac8f-bb28c51a041d,Hospital case figure interest bar son could. Rock call type practice. Participant past agree weight team here special phone.,242982c8-0dd9-4588-97f1-cb12bd2d05cc,,2025-04-18 06:01:26.836233
0a20e3cf-3aa4-41cb-831c-3ae5cb9775a1,"Hope ok exist value. Tell wife small view condition feeling.
Summer ago far soldier suffer. Dog second health goal any machine. Amount director player who program interest.",e44bb74b-a96e-4617-8b70-958d892b5f32,,2025-01-20 03:10:55.003893
29ea5918-c0eb-44dd-a897-fd9ea696005c,"Religious institution something drop smile create. Cover hair west national model example.
Writer much imagine American prepare under. Can national even together. Wait program up fast laugh entire.",c028a215-0eb3-48b6-b5cf-b03b4542d64d,4163b64e-cbe4-4c0d-9599-e56fb05bf80f,2025-01-12 00:37:33.549267
2c80f097-57bc-4775-97d1-ce6225a80c6d,"Friend experience various people year agent seek. Involve beautiful environment week ground yard leg.
Just country believe oil. Another security car plan. Gun price fall college.",368a00f5-be61-4ee8-a248-35a5588f146d,e1b9614d-da2a-437c-9dcf-288d4943f77e,2025-01-08 23:58:07.827229
77eb8234-e38c-4760-9307-6833e83084ad,"Lose single agent read. Person rate here factor major force. Mrs current business when class song.
Family PM goal major.",6ee5921d-7052-45db-a1d5-620bdeab5f18,e96f9442-3563-407e-acdc-7291f281e488,2025-04-21 12:58:29.022529
